iso_time	uptime_s	temp_c	arm_mhz	core_mhz	volts	load1	throttled_hex	throttled_flags	proc_cpu	proc_rss_kb
2026-08-16T11:43:14+02:00	0	44.8	1500	549	0.8955V	1.49	0x0	clean	24.2	322244
2026-08-16T11:44:14+02:00	60	44.3	700	499	0.8955V	1.41	0x0	clean	24.2	322244
2026-08-16T11:45:14+02:00	120	43.3	700	499	0.8955V	1.23	0x0	clean	24.2	322244
2026-08-16T11:46:14+02:00	180	43.8	700	499	0.8955V	1.15	0x0	clean	24.2	322244
2026-08-16T11:47:15+02:00	240	43.3	700	499	0.8955V	1.19	0x0	clean	24.2	322244
2026-08-16T11:48:15+02:00	300	42.8	700	499	0.8955V	1.48	0x0	clean	24.2	322244
2026-08-16T11:49:15+02:00	360	44.3	700	499	0.8955V	1.22	0x0	clean	24.2	322244
2026-08-16T11:50:15+02:00	420	43.8	700	499	0.8955V	1.42	0x0	clean	24.2	322244
2026-08-16T11:51:15+02:00	480	43.8	700	499	0.8955V	1.40	0x0	clean	24.2	322244
2026-08-16T11:52:15+02:00	540	43.3	700	499	0.8955V	1.44	0x0	clean	24.2	322244
2026-08-16T11:53:15+02:00	601	42.8	700	499	0.8955V	1.32	0x0	clean	24.2	322244
2026-08-16T11:54:15+02:00	661	42.8	700	499	0.8955V	1.52	0x0	clean	24.1	322244
2026-08-16T11:55:15+02:00	721	43.8	700	499	0.8955V	1.30	0x0	clean	24.1	322244
2026-08-16T11:56:15+02:00	781	43.8	700	499	0.8955V	1.31	0x0	clean	24.2	322244
2026-08-16T11:57:16+02:00	841	42.8	700	499	0.8955V	1.50	0x0	clean	24.2	322244
2026-08-16T11:58:16+02:00	901	43.8	700	267	0.8955V	1.43	0x0	clean	24.2	322244
2026-08-16T11:59:16+02:00	961	42.8	700	499	0.8955V	1.25	0x0	clean	24.2	322244
2026-08-16T12:00:16+02:00	1021	43.8	700	499	0.8955V	1.24	0x0	clean	24.1	322244
2026-08-16T12:01:16+02:00	1081	43.3	700	499	0.8955V	1.46	0x0	clean	24.2	322244
2026-08-16T12:02:16+02:00	1141	43.8	700	499	0.8955V	1.22	0x0	clean	24.2	322244
2026-08-16T12:03:16+02:00	1202	44.3	700	499	0.8955V	1.42	0x0	clean	24.2	322244
2026-08-16T12:04:16+02:00	1262	43.8	700	499	0.8955V	1.36	0x0	clean	24.2	322244
2026-08-16T12:05:16+02:00	1322	42.8	700	499	0.8955V	1.34	0x0	clean	24.2	322244
2026-08-16T12:06:16+02:00	1382	43.8	700	499	0.8955V	1.18	0x0	clean	24.2	322244
2026-08-16T12:07:17+02:00	1442	43.3	700	499	0.8955V	1.38	0x0	clean	24.2	322244
2026-08-16T12:08:17+02:00	1502	43.3	700	499	0.8955V	1.35	0x0	clean	24.2	322244
2026-08-16T12:09:17+02:00	1562	43.8	700	499	0.8955V	1.42	0x0	clean	24.2	322244
2026-08-16T12:10:17+02:00	1622	43.3	700	499	0.8955V	1.30	0x0	clean	24.1	322244
2026-08-16T12:11:17+02:00	1682	42.3	700	499	0.8955V	1.23	0x0	clean	24.1	322244
2026-08-16T12:12:17+02:00	1742	43.3	700	499	0.8955V	1.20	0x0	clean	24.1	322244
2026-08-16T12:13:17+02:00	1803	43.3	700	499	0.8955V	1.52	0x0	clean	24.1	322244
2026-08-16T12:14:17+02:00	1863	44.3	700	499	0.8955V	1.42	0x0	clean	24.1	322244
2026-08-16T12:15:17+02:00	1923	43.3	700	499	0.8955V	1.39	0x0	clean	24.1	322244
2026-08-16T12:16:17+02:00	1983	43.8	700	499	0.8955V	1.20	0x0	clean	24.1	322244
2026-08-16T12:17:18+02:00	2043	42.3	700	499	0.8955V	1.12	0x0	clean	24.1	322244
2026-08-16T12:18:18+02:00	2103	44.3	700	499	0.8955V	1.36	0x0	clean	24.1	322244
2026-08-16T12:19:18+02:00	2163	43.8	700	499	0.8955V	1.22	0x0	clean	24.1	322244
2026-08-16T12:20:18+02:00	2223	43.8	700	499	0.8955V	1.28	0x0	clean	24.1	322244
2026-08-16T12:21:18+02:00	2283	43.8	700	267	0.8955V	1.15	0x0	clean	24.1	322244
2026-08-16T12:22:18+02:00	2343	43.8	800	293	0.8955V	1.33	0x0	clean	24.1	322244
2026-08-16T12:23:18+02:00	2404	42.8	700	499	0.8955V	1.32	0x0	clean	24.1	322244
2026-08-16T12:24:18+02:00	2464	43.3	700	499	0.8955V	1.31	0x0	clean	24.1	322244
2026-08-16T12:25:18+02:00	2524	42.8	700	499	0.8955V	1.16	0x0	clean	24.1	322244
2026-08-16T12:26:18+02:00	2584	42.8	800	499	0.8955V	1.24	0x0	clean	24.1	322244
2026-08-16T12:27:19+02:00	2644	42.8	700	499	0.8955V	1.30	0x0	clean	24.1	322244
2026-08-16T12:28:19+02:00	2704	43.8	700	267	0.8955V	1.34	0x0	clean	24.1	322244
2026-08-16T12:29:19+02:00	2764	43.3	700	499	0.8955V	1.24	0x0	clean	24.1	322244
2026-08-16T12:30:19+02:00	2824	43.8	700	499	0.8955V	1.71	0x0	clean	24.1	322244
2026-08-16T12:31:19+02:00	2884	42.8	700	499	0.8955V	1.51	0x0	clean	24.1	322244
2026-08-16T12:32:19+02:00	2944	43.3	700	499	0.8955V	1.54	0x0	clean	24.1	322244
2026-08-16T12:33:19+02:00	3005	42.8	700	499	0.8955V	1.26	0x0	clean	24.1	322244
2026-08-16T12:34:19+02:00	3065	42.8	700	499	0.8955V	1.50	0x0	clean	24.1	322244
2026-08-16T12:35:19+02:00	3125	43.3	700	499	0.8955V	1.41	0x0	clean	24.1	322244
2026-08-16T12:36:19+02:00	3185	43.8	700	499	0.8955V	1.19	0x0	clean	24.1	322244
2026-08-16T12:37:19+02:00	3245	42.8	700	499	0.8955V	1.23	0x0	clean	24.1	322244
2026-08-16T12:38:20+02:00	3305	42.3	700	499	0.8955V	1.22	0x0	clean	24.1	322244
2026-08-16T12:39:20+02:00	3365	42.8	700	499	0.8955V	1.33	0x0	clean	24.1	322244
2026-08-16T12:40:20+02:00	3425	43.3	700	499	0.8955V	1.17	0x0	clean	24.1	322244
2026-08-16T12:41:20+02:00	3485	43.3	700	499	0.8955V	1.37	0x0	clean	24.1	322244
2026-08-16T12:42:20+02:00	3545	43.8	700	499	0.8955V	1.31	0x0	clean	24.1	322244
2026-08-16T12:43:20+02:00	3606	42.8	700	499	0.8955V	1.32	0x0	clean	24.1	322244
2026-08-16T12:44:20+02:00	3666	42.8	700	499	0.8955V	1.24	0x0	clean	24.1	322244
2026-08-16T12:45:20+02:00	3726	42.8	700	499	0.8955V	1.46	0x0	clean	24.1	322244
2026-08-16T12:46:20+02:00	3786	43.8	700	499	0.8955V	1.28	0x0	clean	24.1	322244
2026-08-16T12:47:20+02:00	3846	43.3	700	499	0.8955V	1.30	0x0	clean	24.1	322244
2026-08-16T12:48:21+02:00	3906	43.8	800	499	0.8955V	1.34	0x0	clean	24.1	322244
2026-08-16T12:49:21+02:00	3966	43.8	700	499	0.8955V	1.29	0x0	clean	24.1	322244
2026-08-16T12:50:21+02:00	4026	43.3	700	499	0.8955V	1.44	0x0	clean	24.1	322244
2026-08-16T12:51:21+02:00	4086	43.8	700	499	0.8955V	1.35	0x0	clean	24.1	322244
2026-08-16T12:52:21+02:00	4146	43.3	700	499	0.8955V	1.60	0x0	clean	24.1	322244
2026-08-16T12:53:21+02:00	4207	43.3	700	499	0.8955V	1.27	0x0	clean	24.1	322244
2026-08-16T12:54:21+02:00	4267	43.8	700	499	0.8955V	1.34	0x0	clean	24.1	322244
2026-08-16T12:55:21+02:00	4327	42.8	700	499	0.8955V	1.27	0x0	clean	24.1	322244
2026-08-16T12:56:21+02:00	4387	43.3	700	267	0.8955V	1.21	0x0	clean	24.1	322244
2026-08-16T12:57:21+02:00	4447	43.3	700	499	0.8955V	1.18	0x0	clean	24.1	322244
2026-08-16T12:58:22+02:00	4507	42.8	700	267	0.8955V	1.33	0x0	clean	24.1	322244
2026-08-16T12:59:22+02:00	4567	43.8	700	499	0.8955V	1.17	0x0	clean	24.1	322244
2026-08-16T13:00:22+02:00	4627	43.8	700	267	0.8955V	1.30	0x0	clean	24.1	322244
2026-08-16T13:01:22+02:00	4687	42.3	700	499	0.8955V	1.34	0x0	clean	24.1	322244
2026-08-16T13:02:22+02:00	4747	44.3	700	499	0.8955V	1.36	0x0	clean	24.1	322244
2026-08-16T13:03:22+02:00	4808	42.8	700	499	0.8955V	1.19	0x0	clean	24.1	322244
2026-08-16T13:04:22+02:00	4868	44.3	700	499	0.8955V	1.11	0x0	clean	24.1	322244
2026-08-16T13:05:22+02:00	4928	43.3	700	499	0.8955V	1.35	0x0	clean	24.1	322244
2026-08-16T13:06:22+02:00	4988	43.3	700	499	0.8955V	1.22	0x0	clean	24.1	322244
2026-08-16T13:07:23+02:00	5048	43.8	700	267	0.8955V	1.25	0x0	clean	24.1	322244
2026-08-16T13:08:23+02:00	5108	43.8	700	267	0.8955V	1.19	0x0	clean	24.1	322244
2026-08-16T13:09:23+02:00	5168	42.8	700	499	0.8955V	1.38	0x0	clean	24.1	322244
2026-08-16T13:10:23+02:00	5228	42.8	700	499	0.8955V	1.30	0x0	clean	24.1	322244
2026-08-16T13:11:23+02:00	5288	43.3	700	267	0.8955V	1.41	0x0	clean	24.1	322244
2026-08-16T13:12:23+02:00	5348	43.8	700	499	0.8955V	1.37	0x0	clean	24.1	322244
2026-08-16T13:13:23+02:00	5409	42.8	700	499	0.8955V	1.29	0x0	clean	24.1	322244
2026-08-16T13:14:23+02:00	5469	42.8	700	499	0.8955V	1.16	0x0	clean	24.1	322244
2026-08-16T13:15:23+02:00	5529	43.3	700	499	0.8955V	1.46	0x0	clean	24.1	322244
2026-08-16T13:16:23+02:00	5589	43.3	700	499	0.8955V	1.40	0x0	clean	24.1	322244
2026-08-16T13:17:23+02:00	5649	43.3	800	499	0.8955V	1.14	0x0	clean	24.1	322244
2026-08-16T13:18:24+02:00	5709	42.8	700	499	0.8955V	1.30	0x0	clean	24.1	322244
2026-08-16T13:19:24+02:00	5769	43.3	700	499	0.8955V	1.24	0x0	clean	24.1	322244
2026-08-16T13:20:24+02:00	5829	43.3	700	499	0.8955V	1.28	0x0	clean	24.1	322244
2026-08-16T13:21:24+02:00	5889	42.8	800	499	0.8955V	1.15	0x0	clean	24.1	322244
2026-08-16T13:22:24+02:00	5949	42.8	700	499	0.8955V	1.33	0x0	clean	24.1	322244
2026-08-16T13:23:24+02:00	6010	42.3	700	499	0.8955V	1.31	0x0	clean	24.1	322244
2026-08-16T13:24:24+02:00	6070	42.3	700	499	0.8955V	1.26	0x0	clean	24.1	322244
2026-08-16T13:25:24+02:00	6130	42.8	800	499	0.8955V	1.20	0x0	clean	24.1	322244
2026-08-16T13:26:24+02:00	6190	43.3	700	499	0.8955V	1.52	0x0	clean	24.1	322244
2026-08-16T13:27:24+02:00	6250	42.8	700	499	0.8955V	1.40	0x0	clean	24.1	322244
2026-08-16T13:28:25+02:00	6310	43.8	700	499	0.8955V	1.37	0x0	clean	24.1	322244
2026-08-16T13:29:25+02:00	6370	42.8	700	499	0.8955V	1.19	0x0	clean	24.1	322244
2026-08-16T13:30:25+02:00	6430	42.8	700	499	0.8955V	1.51	0x0	clean	24.1	322244
2026-08-16T13:31:25+02:00	6490	42.8	700	499	0.8955V	1.26	0x0	clean	24.1	322244
2026-08-16T13:32:25+02:00	6550	43.3	700	499	0.8955V	1.14	0x0	clean	24.1	322244
2026-08-16T13:33:25+02:00	6611	42.8	700	499	0.8955V	1.33	0x0	clean	24.1	322244
2026-08-16T13:34:25+02:00	6671	42.3	700	499	0.8955V	1.26	0x0	clean	24.1	322244
2026-08-16T13:35:25+02:00	6731	42.8	700	499	0.8955V	1.22	0x0	clean	24.1	322244
2026-08-16T13:36:25+02:00	6791	42.8	700	499	0.8955V	1.23	0x0	clean	24.1	322244
2026-08-16T13:37:25+02:00	6851	42.8	800	499	0.8955V	1.42	0x0	clean	24.1	322244
2026-08-16T13:38:26+02:00	6911	42.8	700	499	0.8955V	1.30	0x0	clean	24.1	322244
2026-08-16T13:39:26+02:00	6971	43.3	700	499	0.8955V	1.44	0x0	clean	24.1	322244
2026-08-16T13:40:26+02:00	7031	42.8	700	499	0.8955V	1.30	0x0	clean	24.1	322244
2026-08-16T13:41:26+02:00	7091	43.8	700	499	0.8955V	1.60	0x0	clean	24.1	322244
2026-08-16T13:42:26+02:00	7151	42.8	700	499	0.8955V	1.47	0x0	clean	24.1	322244
2026-08-16T13:43:26+02:00	7211	43.3	700	499	0.8955V	1.37	0x0	clean	24.1	322244
2026-08-16T13:44:26+02:00	7272	42.8	700	499	0.8955V	1.45	0x0	clean	24.1	322244
2026-08-16T13:45:26+02:00	7332	43.3	700	499	0.8955V	1.46	0x0	clean	24.1	322244
2026-08-16T13:46:26+02:00	7392	43.3	700	499	0.8955V	1.23	0x0	clean	24.1	322244
2026-08-16T13:47:26+02:00	7452	43.3	700	499	0.8955V	1.26	0x0	clean	24.1	322244
2026-08-16T13:48:27+02:00	7512	41.8	700	499	0.8955V	1.44	0x0	clean	24.1	322244
2026-08-16T13:49:27+02:00	7572	43.3	700	499	0.8955V	1.20	0x0	clean	24.1	322244
2026-08-16T13:50:27+02:00	7632	43.3	700	499	0.8955V	1.39	0x0	clean	24.1	322244
2026-08-16T13:51:27+02:00	7692	42.8	700	499	0.8955V	1.24	0x0	clean	24.1	322244
2026-08-16T13:52:27+02:00	7752	43.3	700	499	0.8955V	1.50	0x0	clean	24.1	322244
2026-08-16T13:53:27+02:00	7812	43.8	700	499	0.8955V	1.28	0x0	clean	24.1	322244
2026-08-16T13:54:27+02:00	7873	43.3	700	499	0.8955V	1.21	0x0	clean	24.1	322244
2026-08-16T13:55:27+02:00	7933	43.3	700	499	0.8955V	1.13	0x0	clean	24.1	322244
2026-08-16T13:56:27+02:00	7993	43.8	700	499	0.8955V	1.38	0x0	clean	24.1	322244
2026-08-16T13:57:27+02:00	8053	42.8	700	499	0.8955V	1.42	0x0	clean	24.1	322244
2026-08-16T13:58:28+02:00	8113	41.8	700	499	0.8955V	1.35	0x0	clean	24.1	322244
2026-08-16T13:59:28+02:00	8173	43.3	700	499	0.8955V	1.32	0x0	clean	24.1	322244
2026-08-16T14:00:28+02:00	8233	42.8	700	499	0.8955V	1.60	0x0	clean	24.1	322244
2026-08-16T14:01:28+02:00	8293	43.3	700	499	0.8955V	1.52	0x0	clean	24.1	322244
2026-08-16T14:02:28+02:00	8353	42.3	700	499	0.8955V	1.19	0x0	clean	24.1	322244
2026-08-16T14:03:28+02:00	8413	43.3	700	499	0.8955V	1.22	0x0	clean	24.1	322244
2026-08-16T14:04:28+02:00	8474	42.3	700	499	0.8955V	1.17	0x0	clean	24.1	322244
2026-08-16T14:05:28+02:00	8534	43.3	700	267	0.8955V	1.28	0x0	clean	24.1	322244
2026-08-16T14:06:28+02:00	8594	43.3	700	499	0.8955V	1.15	0x0	clean	24.1	322244
2026-08-16T14:07:28+02:00	8654	43.3	700	499	0.8955V	1.32	0x0	clean	24.1	322244
2026-08-16T14:08:29+02:00	8714	42.3	700	267	0.8955V	1.27	0x0	clean	24.1	322244
2026-08-16T14:09:29+02:00	8774	42.3	700	267	0.8955V	1.36	0x0	clean	24.1	322244
2026-08-16T14:10:29+02:00	8834	42.8	800	293	0.8955V	1.18	0x0	clean	24.1	322244
2026-08-16T14:11:29+02:00	8894	43.3	700	499	0.8955V	1.31	0x0	clean	24.1	322244
2026-08-16T14:12:29+02:00	8954	42.3	700	267	0.8955V	1.36	0x0	clean	24.1	322244
2026-08-16T14:13:29+02:00	9014	43.3	700	499	0.8955V	1.27	0x0	clean	24.1	322244
2026-08-16T14:14:29+02:00	9075	43.3	700	499	0.8955V	1.20	0x0	clean	24.1	322244
2026-08-16T14:15:29+02:00	9135	42.8	700	499	0.8955V	1.41	0x0	clean	24.1	322244
2026-08-16T14:16:29+02:00	9195	43.3	700	499	0.8955V	1.36	0x0	clean	24.1	322244
2026-08-16T14:17:29+02:00	9255	43.3	700	499	0.8955V	1.25	0x0	clean	24.1	322244
2026-08-16T14:18:30+02:00	9315	42.8	700	499	0.8955V	1.15	0x0	clean	24.1	322244
2026-08-16T14:19:30+02:00	9375	43.3	700	499	0.8955V	1.42	0x0	clean	24.1	322244
2026-08-16T14:20:30+02:00	9435	42.3	800	499	0.8955V	1.33	0x0	clean	24.1	322244
2026-08-16T14:21:30+02:00	9495	43.8	700	499	0.8955V	1.26	0x0	clean	24.1	322244
2026-08-16T14:22:30+02:00	9555	42.8	700	499	0.8955V	1.28	0x0	clean	24.1	322244
2026-08-16T14:23:30+02:00	9615	42.3	700	499	0.8955V	1.31	0x0	clean	24.1	322244
2026-08-16T14:24:30+02:00	9676	42.8	700	499	0.8955V	1.48	0x0	clean	24.1	322244
2026-08-16T14:25:30+02:00	9736	43.8	700	499	0.8955V	1.22	0x0	clean	24.1	322244
2026-08-16T14:26:30+02:00	9796	44.3	700	499	0.8955V	1.42	0x0	clean	24.1	322244
2026-08-16T14:27:30+02:00	9856	42.8	700	499	0.8955V	1.30	0x0	clean	24.1	322244
2026-08-16T14:28:31+02:00	9916	42.8	700	499	0.8955V	1.30	0x0	clean	24.1	322244
2026-08-16T14:29:31+02:00	9976	43.3	700	499	0.8955V	1.27	0x0	clean	24.1	322244
2026-08-16T14:30:31+02:00	10036	42.8	700	499	0.8955V	1.33	0x0	clean	24.1	322244
2026-08-16T14:31:31+02:00	10096	42.8	700	499	0.8955V	1.43	0x0	clean	24.1	322244
2026-08-16T14:32:31+02:00	10156	43.3	700	499	0.8955V	1.60	0x0	clean	24.1	322244
2026-08-16T14:33:31+02:00	10216	43.3	700	499	0.8955V	1.34	0x0	clean	24.1	322244
2026-08-16T14:34:31+02:00	10277	43.3	700	499	0.8955V	1.23	0x0	clean	24.1	322244
2026-08-16T14:35:31+02:00	10337	43.8	700	499	0.8955V	1.47	0x0	clean	24.1	322244
2026-08-16T14:36:31+02:00	10397	42.8	700	499	0.8955V	1.35	0x0	clean	24.1	322244
2026-08-16T14:37:31+02:00	10457	42.3	700	499	0.8955V	1.19	0x0	clean	24.1	322244
2026-08-16T14:38:32+02:00	10517	42.3	700	499	0.8955V	1.26	0x0	clean	24.1	322244
2026-08-16T14:39:32+02:00	10577	41.8	700	499	0.8955V	1.58	0x0	clean	24.1	322244
2026-08-16T14:40:32+02:00	10637	43.3	700	267	0.8955V	1.26	0x0	clean	24.1	322244
2026-08-16T14:41:32+02:00	10697	43.3	700	499	0.8955V	1.35	0x0	clean	24.1	322244
2026-08-16T14:42:32+02:00	10757	41.8	700	499	0.8955V	1.40	0x0	clean	24.1	322244
2026-08-16T14:43:32+02:00	10818	44.3	700	499	0.8955V	1.53	0x0	clean	24.1	322244
2026-08-16T14:44:32+02:00	10878	43.3	1500	550	0.8955V	1.25	0x0	clean	24.1	322244
2026-08-16T14:45:32+02:00	10938	43.3	700	499	0.8955V	1.41	0x0	clean	24.1	322244
2026-08-16T14:46:32+02:00	10998	42.8	700	499	0.8955V	1.38	0x0	clean	24.1	322244
2026-08-16T14:47:32+02:00	11058	42.3	700	267	0.8955V	1.18	0x0	clean	24.1	322244
2026-08-16T14:48:33+02:00	11118	43.8	700	499	0.8955V	1.19	0x0	clean	24.1	322244
2026-08-16T14:49:33+02:00	11178	42.8	700	499	0.8955V	1.25	0x0	clean	24.1	322244
2026-08-16T14:50:33+02:00	11238	43.8	700	499	0.8955V	1.29	0x0	clean	24.1	322244
2026-08-16T14:51:33+02:00	11298	43.8	700	499	0.8955V	1.20	0x0	clean	24.1	322244
2026-08-16T14:52:33+02:00	11358	43.3	700	499	0.8955V	1.38	0x0	clean	24.1	322244
2026-08-16T14:53:33+02:00	11418	43.3	700	499	0.8955V	1.33	0x0	clean	24.1	322244
2026-08-16T14:54:33+02:00	11479	43.3	700	499	0.8955V	1.20	0x0	clean	24.1	322244
2026-08-16T14:55:33+02:00	11539	42.8	700	499	0.8955V	1.37	0x0	clean	24.1	322244
2026-08-16T14:56:33+02:00	11599	41.8	700	499	0.8955V	1.74	0x0	clean	24.1	322244
2026-08-16T14:57:33+02:00	11659	42.3	700	499	0.8955V	1.33	0x0	clean	24.1	322244
2026-08-16T14:58:34+02:00	11719	43.3	700	499	0.8955V	1.49	0x0	clean	24.1	322244
2026-08-16T14:59:34+02:00	11779	42.8	700	499	0.8955V	1.45	0x0	clean	24.1	322244
2026-08-16T15:00:34+02:00	11839	42.8	700	499	0.8955V	1.41	0x0	clean	24.1	322244
2026-08-16T15:01:34+02:00	11899	43.3	700	499	0.8955V	1.27	0x0	clean	24.1	322244
2026-08-16T15:02:34+02:00	11959	43.3	700	499	0.8955V	1.31	0x0	clean	24.1	322244
2026-08-16T15:03:34+02:00	12019	42.8	700	499	0.8955V	1.43	0x0	clean	24.1	322244
2026-08-16T15:04:34+02:00	12080	43.3	700	499	0.8955V	1.24	0x0	clean	24.1	322244
2026-08-16T15:05:34+02:00	12140	42.8	700	499	0.8955V	1.19	0x0	clean	24.1	322244
2026-08-16T15:06:34+02:00	12200	42.8	700	499	0.8955V	1.16	0x0	clean	24.1	322244
2026-08-16T15:07:34+02:00	12260	42.8	700	499	0.8955V	1.40	0x0	clean	24.1	322244
2026-08-16T15:08:35+02:00	12320	41.8	700	499	0.8955V	1.20	0x0	clean	24.1	322244
2026-08-16T15:09:35+02:00	12380	43.8	700	499	0.8955V	1.26	0x0	clean	24.1	322244
2026-08-16T15:10:35+02:00	12440	42.8	700	499	0.8955V	1.42	0x0	clean	24.1	322244
2026-08-16T15:11:35+02:00	12500	43.3	700	499	0.8955V	1.39	0x0	clean	24.1	322244
2026-08-16T15:12:35+02:00	12560	43.3	700	499	0.8955V	1.20	0x0	clean	24.1	322244
2026-08-16T15:13:35+02:00	12620	42.3	700	499	0.8955V	1.48	0x0	clean	24.1	322244
2026-08-16T15:14:35+02:00	12681	42.8	700	499	0.8955V	1.40	0x0	clean	24.1	322244
2026-08-16T15:15:35+02:00	12741	41.8	700	499	0.8955V	1.19	0x0	clean	24.1	322244
2026-08-16T15:16:35+02:00	12801	42.8	700	499	0.8955V	1.23	0x0	clean	24.1	322244
2026-08-16T15:17:35+02:00	12861	43.3	700	499	0.8955V	1.22	0x0	clean	24.1	322244
2026-08-16T15:18:36+02:00	12921	43.3	700	499	0.8955V	1.24	0x0	clean	24.1	322244
2026-08-16T15:19:36+02:00	12981	41.8	700	499	0.8955V	1.20	0x0	clean	24.1	322244
2026-08-16T15:20:36+02:00	13041	43.3	700	499	0.8955V	1.43	0x0	clean	24.1	322244
2026-08-16T15:21:36+02:00	13101	42.8	700	499	0.8955V	1.40	0x0	clean	24.1	322244
2026-08-16T15:22:36+02:00	13161	43.3	700	499	0.8955V	1.26	0x0	clean	24.1	322244
2026-08-16T15:23:36+02:00	13221	42.8	700	499	0.8955V	1.20	0x0	clean	24.1	322244
2026-08-16T15:24:36+02:00	13282	43.3	700	499	0.8955V	1.44	0x0	clean	24.1	322244
2026-08-16T15:25:36+02:00	13342	42.8	700	499	0.8955V	1.27	0x0	clean	24.1	322244
2026-08-16T15:26:36+02:00	13402	42.3	700	499	0.8955V	1.22	0x0	clean	24.1	322244
2026-08-16T15:27:36+02:00	13462	42.8	700	499	0.8955V	1.19	0x0	clean	24.1	322244
2026-08-16T15:28:37+02:00	13522	43.3	700	499	0.8955V	1.55	0x0	clean	24.1	322244
2026-08-16T15:29:37+02:00	13582	42.3	700	499	0.8955V	1.26	0x0	clean	24.1	322244
2026-08-16T15:30:37+02:00	13642	43.8	700	499	0.8955V	1.14	0x0	clean	24.1	322244
2026-08-16T15:31:37+02:00	13702	43.8	700	499	0.8955V	1.40	0x0	clean	24.1	322244
2026-08-16T15:32:37+02:00	13762	43.3	700	499	0.8955V	1.37	0x0	clean	24.1	322244
2026-08-16T15:33:37+02:00	13822	42.8	800	499	0.8955V	1.24	0x0	clean	24.1	322244
2026-08-16T15:34:37+02:00	13883	43.3	700	499	0.8955V	1.13	0x0	clean	24.1	322244
2026-08-16T15:35:37+02:00	13943	42.3	700	499	0.8955V	1.32	0x0	clean	24.1	322244
2026-08-16T15:36:37+02:00	14003	43.8	700	499	0.8955V	1.31	0x0	clean	24.1	322244
2026-08-16T15:37:37+02:00	14063	43.8	700	499	0.8955V	1.33	0x0	clean	24.1	322244
2026-08-16T15:38:38+02:00	14123	42.3	700	499	0.8955V	1.30	0x0	clean	24.1	322244
2026-08-16T15:39:38+02:00	14183	43.3	700	499	0.8955V	1.37	0x0	clean	24.1	322244
2026-08-16T15:40:38+02:00	14243	42.8	700	499	0.8955V	1.34	0x0	clean	24.1	322244
2026-08-16T15:41:38+02:00	14303	42.3	700	499	0.8955V	1.40	0x0	clean	24.1	322244
2026-08-16T15:42:38+02:00	14363	42.8	800	499	0.8955V	1.20	0x0	clean	24.1	322244
2026-08-16T15:43:38+02:00	14423	42.8	700	499	0.8955V	1.46	0x0	clean	24.1	322244
2026-08-16T15:44:38+02:00	14484	42.8	700	499	0.8955V	1.43	0x0	clean	24.1	322244
2026-08-16T15:45:38+02:00	14544	43.3	700	499	0.8955V	1.56	0x0	clean	24.1	322244
2026-08-16T15:46:38+02:00	14604	43.3	700	499	0.8955V	1.26	0x0	clean	24.1	322244
2026-08-16T15:47:38+02:00	14664	43.3	700	499	0.8955V	1.42	0x0	clean	24.1	322244
2026-08-16T15:48:39+02:00	14724	42.8	700	267	0.8955V	1.38	0x0	clean	24.1	322244
2026-08-16T15:49:39+02:00	14784	42.8	700	499	0.8955V	1.27	0x0	clean	24.1	322244
2026-08-16T15:50:39+02:00	14844	42.3	700	499	0.8955V	1.26	0x0	clean	24.1	322244
2026-08-16T15:51:39+02:00	14904	43.3	700	499	0.8955V	1.23	0x0	clean	24.1	322244
2026-08-16T15:52:39+02:00	14964	43.3	700	499	0.8955V	1.47	0x0	clean	24.1	322244
2026-08-16T15:53:39+02:00	15024	43.3	700	499	0.8955V	1.34	0x0	clean	24.1	322244
2026-08-16T15:54:39+02:00	15085	41.8	700	499	0.8955V	1.36	0x0	clean	24.1	322244
2026-08-16T15:55:39+02:00	15145	42.3	700	499	0.8955V	1.32	0x0	clean	24.1	322244
2026-08-16T15:56:39+02:00	15205	43.3	700	499	0.8955V	1.46	0x0	clean	24.1	322244
2026-08-16T15:57:39+02:00	15265	43.3	700	499	0.8955V	1.22	0x0	clean	24.1	322244
2026-08-16T15:58:40+02:00	15325	42.8	700	499	0.8955V	1.34	0x0	clean	24.1	322244
2026-08-16T15:59:40+02:00	15385	42.8	700	499	0.8955V	1.28	0x0	clean	24.1	322244
2026-08-16T16:00:40+02:00	15445	43.3	700	499	0.8955V	1.39	0x0	clean	24.1	322244
2026-08-16T16:01:40+02:00	15505	42.3	700	499	0.8955V	1.57	0x0	clean	24.1	322244
2026-08-16T16:02:40+02:00	15565	42.8	700	267	0.8955V	1.71	0x0	clean	24.1	322244
2026-08-16T16:03:40+02:00	15625	43.8	700	499	0.8955V	1.43	0x0	clean	24.1	322244
2026-08-16T16:04:40+02:00	15686	43.3	700	499	0.8955V	1.28	0x0	clean	24.1	322244
2026-08-16T16:05:40+02:00	15746	42.8	700	267	0.8955V	1.26	0x0	clean	24.1	322244
2026-08-16T16:06:40+02:00	15806	42.8	700	267	0.8955V	1.25	0x0	clean	24.1	322244
2026-08-16T16:07:40+02:00	15866	42.8	700	499	0.8955V	1.43	0x0	clean	24.1	322244
2026-08-16T16:08:40+02:00	15926	41.3	700	499	0.8955V	1.20	0x0	clean	24.1	322244
2026-08-16T16:09:41+02:00	15986	42.8	700	499	0.8955V	1.18	0x0	clean	24.1	322244
2026-08-16T16:10:41+02:00	16046	42.8	700	499	0.8955V	1.16	0x0	clean	24.1	322244
2026-08-16T16:11:41+02:00	16106	42.8	700	499	0.8955V	1.26	0x0	clean	24.1	322244
2026-08-16T16:12:41+02:00	16166	42.8	700	499	0.8955V	1.20	0x0	clean	24.1	322244
2026-08-16T16:13:41+02:00	16226	43.3	700	499	0.8955V	1.26	0x0	clean	24.1	322244
2026-08-16T16:14:41+02:00	16287	42.8	700	499	0.8955V	1.25	0x0	clean	24.1	322244
2026-08-16T16:15:41+02:00	16347	43.3	700	499	0.8955V	1.54	0x0	clean	24.1	322244
2026-08-16T16:16:41+02:00	16407	42.8	700	499	0.8955V	1.25	0x0	clean	24.1	322244
2026-08-16T16:17:41+02:00	16467	43.8	700	499	0.8955V	1.25	0x0	clean	24.1	322244
2026-08-16T16:18:42+02:00	16527	42.8	700	499	0.8955V	1.21	0x0	clean	24.1	322244
2026-08-16T16:19:42+02:00	16587	42.3	700	499	0.8955V	1.52	0x0	clean	24.1	322244
2026-08-16T16:20:42+02:00	16647	43.3	700	499	0.8955V	1.19	0x0	clean	24.1	322244
2026-08-16T16:21:42+02:00	16707	42.8	700	267	0.8955V	1.23	0x0	clean	24.1	322244
2026-08-16T16:22:42+02:00	16767	43.3	700	499	0.8955V	1.43	0x0	clean	24.1	322244
2026-08-16T16:23:42+02:00	16827	42.3	700	499	0.8955V	1.46	0x0	clean	24.1	322244
2026-08-16T16:24:42+02:00	16888	42.3	700	499	0.8955V	1.40	0x0	clean	24.1	322244
2026-08-16T16:25:42+02:00	16948	41.8	700	499	0.8955V	1.19	0x0	clean	24.1	322244
2026-08-16T16:26:42+02:00	17008	43.8	700	499	0.8955V	1.31	0x0	clean	24.1	322244
2026-08-16T16:27:42+02:00	17068	43.3	700	499	0.8955V	1.31	0x0	clean	24.1	322244
2026-08-16T16:28:42+02:00	17128	42.8	700	499	0.8955V	1.26	0x0	clean	24.1	322244
2026-08-16T16:29:43+02:00	17188	41.8	700	499	0.8955V	1.15	0x0	clean	24.1	322244
2026-08-16T16:30:43+02:00	17248	42.8	700	499	0.8955V	1.35	0x0	clean	24.1	322244
2026-08-16T16:31:43+02:00	17308	42.8	700	499	0.8955V	1.40	0x0	clean	24.1	322244
2026-08-16T16:32:43+02:00	17368	43.3	700	499	0.8955V	1.35	0x0	clean	24.1	322244
2026-08-16T16:33:43+02:00	17428	42.8	700	499	0.8955V	1.30	0x0	clean	24.1	322244
2026-08-16T16:34:43+02:00	17489	42.8	700	499	0.8955V	1.55	0x0	clean	24.1	322244
2026-08-16T16:35:43+02:00	17549	42.3	700	499	0.8955V	1.31	0x0	clean	24.1	322244
2026-08-16T16:36:43+02:00	17609	42.3	700	499	0.8955V	1.16	0x0	clean	24.1	322244
2026-08-16T16:37:43+02:00	17669	42.3	700	499	0.8955V	1.21	0x0	clean	24.1	322244
2026-08-16T16:38:43+02:00	17729	42.3	700	499	0.8955V	1.26	0x0	clean	24.1	322244
2026-08-16T16:39:44+02:00	17789	43.8	700	499	0.8955V	1.36	0x0	clean	24.1	322244
2026-08-16T16:40:44+02:00	17849	42.8	700	499	0.8955V	1.18	0x0	clean	24.1	322244
2026-08-16T16:41:44+02:00	17909	42.3	700	499	0.8955V	1.27	0x0	clean	24.1	322244
2026-08-16T16:42:44+02:00	17969	43.8	700	499	0.8955V	1.34	0x0	clean	24.1	322244
2026-08-16T16:43:44+02:00	18029	43.8	700	499	0.8955V	1.31	0x0	clean	24.1	322244
2026-08-16T16:44:44+02:00	18090	42.8	700	499	0.8955V	1.32	0x0	clean	24.1	322244
2026-08-16T16:45:44+02:00	18150	42.8	700	499	0.8955V	1.24	0x0	clean	24.1	322244
2026-08-16T16:46:44+02:00	18210	42.3	700	499	0.8955V	1.26	0x0	clean	24.1	322244
2026-08-16T16:47:44+02:00	18270	43.3	700	499	0.8955V	1.26	0x0	clean	24.1	322244
2026-08-16T16:48:44+02:00	18330	42.3	800	499	0.8955V	1.29	0x0	clean	24.1	322244
2026-08-16T16:49:45+02:00	18390	42.3	800	499	0.8955V	1.24	0x0	clean	24.1	322244
2026-08-16T16:50:45+02:00	18450	42.3	700	499	0.8955V	1.21	0x0	clean	24.1	322244
2026-08-16T16:51:45+02:00	18510	42.8	700	499	0.8955V	1.32	0x0	clean	24.1	322244
2026-08-16T16:52:45+02:00	18570	43.8	700	499	0.8955V	1.57	0x0	clean	24.1	322244
2026-08-16T16:53:45+02:00	18630	41.8	700	499	0.8955V	1.26	0x0	clean	24.1	322244
2026-08-16T16:54:45+02:00	18691	42.8	700	499	0.8955V	1.28	0x0	clean	24.1	322244
2026-08-16T16:55:45+02:00	18751	43.3	700	499	0.8955V	1.31	0x0	clean	24.1	322244
2026-08-16T16:56:45+02:00	18811	42.8	700	499	0.8955V	1.34	0x0	clean	24.1	322244
2026-08-16T16:57:45+02:00	18871	42.3	700	499	0.8955V	1.18	0x0	clean	24.1	322244
2026-08-16T16:58:45+02:00	18931	42.8	700	499	0.8955V	1.52	0x0	clean	24.1	322244
2026-08-16T16:59:46+02:00	18991	42.8	700	499	0.8955V	1.31	0x0	clean	24.1	322244
2026-08-16T17:00:46+02:00	19051	42.8	700	499	0.8955V	1.21	0x0	clean	24.1	322244
2026-08-16T17:01:46+02:00	19111	43.8	700	499	0.8955V	1.21	0x0	clean	24.1	322244
2026-08-16T17:02:46+02:00	19171	42.8	700	499	0.8955V	1.37	0x0	clean	24.1	322244
2026-08-16T17:03:46+02:00	19231	42.8	700	499	0.8955V	1.33	0x0	clean	24.1	322244
2026-08-16T17:04:46+02:00	19292	43.8	700	499	0.8955V	1.22	0x0	clean	24.1	322244
2026-08-16T17:05:46+02:00	19352	42.8	700	499	0.8955V	1.45	0x0	clean	24.1	322244
2026-08-16T17:06:46+02:00	19412	43.3	700	499	0.8955V	1.34	0x0	clean	24.1	322244
2026-08-16T17:07:46+02:00	19472	42.8	700	499	0.8955V	1.31	0x0	clean	24.1	322244
2026-08-16T17:08:46+02:00	19532	42.8	700	499	0.8955V	1.22	0x0	clean	24.1	322244
2026-08-16T17:09:47+02:00	19592	42.8	700	499	0.8955V	1.31	0x0	clean	24.1	322244
2026-08-16T17:10:47+02:00	19652	43.3	700	499	0.8955V	1.17	0x0	clean	24.1	322244
2026-08-16T17:11:47+02:00	19712	42.3	700	499	0.8955V	1.42	0x0	clean	24.1	322244
2026-08-16T17:12:47+02:00	19772	42.8	700	499	0.8955V	1.38	0x0	clean	24.1	322244
2026-08-16T17:13:47+02:00	19832	42.8	700	499	0.8955V	1.31	0x0	clean	24.1	322244
2026-08-16T17:14:47+02:00	19892	42.8	700	499	0.8955V	1.33	0x0	clean	24.1	322244
2026-08-16T17:15:47+02:00	19953	43.8	700	499	0.8955V	1.25	0x0	clean	24.1	322244
2026-08-16T17:16:47+02:00	20013	42.3	700	499	0.8955V	1.36	0x0	clean	24.1	322244
2026-08-16T17:17:47+02:00	20073	42.8	800	499	0.8955V	1.18	0x0	clean	24.1	322244
2026-08-16T17:18:47+02:00	20133	42.8	700	499	0.8955V	1.34	0x0	clean	24.1	322244
2026-08-16T17:19:48+02:00	20193	42.3	700	499	0.8955V	1.27	0x0	clean	24.1	322244
2026-08-16T17:20:48+02:00	20253	43.8	700	293	0.8955V	1.39	0x0	clean	24.1	322244
2026-08-16T17:21:48+02:00	20313	42.3	700	499	0.8955V	1.28	0x0	clean	24.1	322244
2026-08-16T17:22:48+02:00	20373	42.3	700	499	0.8955V	1.40	0x0	clean	24.1	322244
2026-08-16T17:23:48+02:00	20433	42.8	700	499	0.8955V	1.39	0x0	clean	24.1	322244
2026-08-16T17:24:48+02:00	20493	43.3	700	499	0.8955V	1.25	0x0	clean	24.1	322244
2026-08-16T17:25:48+02:00	20554	43.3	700	499	0.8955V	1.33	0x0	clean	24.1	322244
2026-08-16T17:26:48+02:00	20614	41.8	700	499	0.8955V	1.57	0x0	clean	24.1	322244
2026-08-16T17:27:48+02:00	20674	42.8	700	499	0.8955V	1.21	0x0	clean	24.1	322244
2026-08-16T17:28:48+02:00	20734	43.8	700	499	0.8955V	1.24	0x0	clean	24.1	322244
2026-08-16T17:29:49+02:00	20794	42.3	700	499	0.8955V	1.26	0x0	clean	24.1	322244
2026-08-16T17:30:49+02:00	20854	43.3	700	499	0.8955V	1.26	0x0	clean	24.1	322244
2026-08-16T17:31:49+02:00	20914	44.3	700	499	0.8955V	1.22	0x0	clean	24.1	322244
2026-08-16T17:32:49+02:00	20974	43.8	700	499	0.8955V	1.23	0x0	clean	24.1	322244
2026-08-16T17:33:49+02:00	21034	43.8	700	499	0.8955V	1.37	0x0	clean	24.1	322244
2026-08-16T17:34:49+02:00	21094	42.8	700	499	0.8955V	1.18	0x0	clean	24.1	322244
2026-08-16T17:35:49+02:00	21155	42.8	700	499	0.8955V	1.30	0x0	clean	24.1	322244
2026-08-16T17:36:49+02:00	21215	42.8	700	499	0.8955V	1.21	0x0	clean	24.1	322244
2026-08-16T17:37:49+02:00	21275	42.3	700	499	0.8955V	1.41	0x0	clean	24.1	322244
2026-08-16T17:38:49+02:00	21335	42.3	700	499	0.8955V	1.36	0x0	clean	24.1	322244
2026-08-16T17:39:50+02:00	21395	42.8	700	499	0.8955V	1.35	0x0	clean	24.1	322244
2026-08-16T17:40:50+02:00	21455	43.3	700	499	0.8955V	1.45	0x0	clean	24.1	322244
2026-08-16T17:41:50+02:00	21515	42.3	700	499	0.8955V	1.56	0x0	clean	24.1	322244
2026-08-16T17:42:50+02:00	21575	42.3	700	499	0.8955V	1.26	0x0	clean	24.1	322244
2026-08-16T17:43:50+02:00	21635	42.8	700	499	0.8955V	1.39	0x0	clean	24.1	322244
2026-08-16T17:44:50+02:00	21695	42.8	700	499	0.8955V	1.43	0x0	clean	24.1	322244
2026-08-16T17:45:50+02:00	21756	43.3	700	499	0.8955V	1.20	0x0	clean	24.1	322244
2026-08-16T17:46:50+02:00	21816	43.3	700	499	0.8955V	1.26	0x0	clean	24.1	322244
2026-08-16T17:47:50+02:00	21876	43.3	700	499	0.8955V	1.27	0x0	clean	24.1	322244
2026-08-16T17:48:50+02:00	21936	42.8	700	499	0.8955V	1.16	0x0	clean	24.1	322244
2026-08-16T17:49:51+02:00	21996	43.3	700	499	0.8955V	1.16	0x0	clean	24.1	322244
2026-08-16T17:50:51+02:00	22056	42.3	700	499	0.8955V	1.36	0x0	clean	24.1	322244
2026-08-16T17:51:51+02:00	22116	42.8	700	499	0.8955V	1.23	0x0	clean	24.1	322244
2026-08-16T17:52:51+02:00	22176	42.8	800	499	0.8955V	1.26	0x0	clean	24.1	322244
2026-08-16T17:53:51+02:00	22236	43.3	700	499	0.8955V	1.20	0x0	clean	24.1	322244
2026-08-16T17:54:51+02:00	22296	43.3	800	499	0.8955V	1.37	0x0	clean	24.1	322244
2026-08-16T17:55:51+02:00	22357	42.8	700	499	0.8955V	1.34	0x0	clean	24.1	322244
2026-08-16T17:56:51+02:00	22417	43.3	700	499	0.8955V	1.28	0x0	clean	24.1	322244
2026-08-16T17:57:51+02:00	22477	41.8	700	499	0.8955V	1.16	0x0	clean	24.1	322244
2026-08-16T17:58:51+02:00	22537	42.8	800	499	0.8955V	1.30	0x0	clean	24.1	322244
2026-08-16T17:59:52+02:00	22597	43.3	700	499	0.8955V	1.38	0x0	clean	24.1	322244
2026-08-16T18:00:52+02:00	22657	42.8	700	499	0.8955V	1.31	0x0	clean	24.1	322244
2026-08-16T18:01:52+02:00	22717	42.8	700	499	0.8955V	1.24	0x0	clean	24.1	322244
2026-08-16T18:02:52+02:00	22777	43.3	700	499	0.8955V	1.22	0x0	clean	24.1	322244
2026-08-16T18:03:52+02:00	22837	42.8	700	499	0.8955V	1.39	0x0	clean	24.1	322244
2026-08-16T18:04:52+02:00	22897	43.3	700	499	0.8955V	1.22	0x0	clean	24.1	322244
2026-08-16T18:05:52+02:00	22958	43.8	700	499	0.8955V	1.32	0x0	clean	24.1	322244
2026-08-16T18:06:52+02:00	23018	43.3	700	499	0.8955V	1.31	0x0	clean	24.1	322244
2026-08-16T18:07:52+02:00	23078	42.8	700	499	0.8955V	1.33	0x0	clean	24.1	322244
2026-08-16T18:08:52+02:00	23138	42.8	700	499	0.8955V	1.17	0x0	clean	24.1	322244
2026-08-16T18:09:52+02:00	23198	42.3	700	267	0.8955V	1.48	0x0	clean	24.1	322244
2026-08-16T18:10:53+02:00	23258	43.3	700	499	0.8955V	1.44	0x0	clean	24.1	322244
2026-08-16T18:11:53+02:00	23318	41.8	700	499	0.8955V	1.60	0x0	clean	24.1	322244
2026-08-16T18:12:53+02:00	23378	42.3	700	499	0.8955V	1.39	0x0	clean	24.1	322244
2026-08-16T18:13:53+02:00	23438	43.3	700	499	0.8955V	1.54	0x0	clean	24.1	322244
2026-08-16T18:14:53+02:00	23498	43.8	700	499	0.8955V	1.49	0x0	clean	24.1	322244
2026-08-16T18:15:53+02:00	23559	42.8	700	499	0.8955V	1.22	0x0	clean	24.1	322244
2026-08-16T18:16:53+02:00	23619	43.8	700	499	0.8955V	1.20	0x0	clean	24.1	322244
2026-08-16T18:17:53+02:00	23679	43.3	700	499	0.8955V	1.21	0x0	clean	24.1	322244
2026-08-16T18:18:53+02:00	23739	43.3	700	499	0.8955V	1.34	0x0	clean	24.1	322244
2026-08-16T18:19:53+02:00	23799	42.3	700	499	0.8955V	1.17	0x0	clean	24.1	322244
2026-08-16T18:20:54+02:00	23859	42.8	800	499	0.8955V	1.37	0x0	clean	24.1	322244
2026-08-16T18:21:54+02:00	23919	42.3	700	499	0.8955V	1.30	0x0	clean	24.1	322244
2026-08-16T18:22:54+02:00	23979	43.3	700	499	0.8955V	1.22	0x0	clean	24.1	322244
2026-08-16T18:23:54+02:00	24039	42.3	700	499	0.8955V	1.24	0x0	clean	24.1	322244
2026-08-16T18:24:54+02:00	24099	42.8	700	499	0.8955V	1.43	0x0	clean	24.1	322244
2026-08-16T18:25:54+02:00	24160	43.3	700	499	0.8955V	1.37	0x0	clean	24.1	322244
2026-08-16T18:26:54+02:00	24220	43.3	700	499	0.8955V	1.26	0x0	clean	24.1	322244
2026-08-16T18:27:54+02:00	24280	43.3	700	499	0.8955V	1.34	0x0	clean	24.1	322244
2026-08-16T18:28:54+02:00	24340	42.3	700	499	0.8955V	1.61	0x0	clean	24.1	322244
2026-08-16T18:29:54+02:00	24400	42.3	700	499	0.8955V	1.25	0x0	clean	24.1	322244
2026-08-16T18:30:55+02:00	24460	42.8	700	499	0.8955V	1.14	0x0	clean	24.1	322244
2026-08-16T18:31:55+02:00	24520	43.3	700	499	0.8955V	1.37	0x0	clean	24.1	322244
2026-08-16T18:32:55+02:00	24580	42.8	700	499	0.8955V	1.31	0x0	clean	24.1	322244
2026-08-16T18:33:55+02:00	24640	42.8	700	499	0.8955V	1.31	0x0	clean	24.1	322244
2026-08-16T18:34:55+02:00	24700	42.8	700	499	0.8955V	1.21	0x0	clean	24.1	322244
2026-08-16T18:35:55+02:00	24761	43.3	700	499	0.8955V	1.38	0x0	clean	24.1	322244
2026-08-16T18:36:55+02:00	24821	43.3	700	499	0.8955V	1.33	0x0	clean	24.1	322244
2026-08-16T18:37:55+02:00	24881	43.3	700	499	0.8955V	1.23	0x0	clean	24.1	322244
2026-08-16T18:38:55+02:00	24941	42.3	700	499	0.8955V	1.24	0x0	clean	24.1	322244
2026-08-16T18:39:55+02:00	25001	42.8	700	499	0.8955V	1.53	0x0	clean	24.1	322244
2026-08-16T18:40:56+02:00	25061	42.8	700	499	0.8955V	1.27	0x0	clean	24.1	322244
2026-08-16T18:41:56+02:00	25121	43.8	700	499	0.8955V	1.42	0x0	clean	24.1	322244
2026-08-16T18:42:56+02:00	25181	43.3	700	267	0.8955V	1.38	0x0	clean	24.1	322244
2026-08-16T18:43:56+02:00	25241	41.8	700	499	0.8955V	1.38	0x0	clean	24.1	322244
2026-08-16T18:44:56+02:00	25301	43.8	700	499	0.8955V	1.20	0x0	clean	24.1	322244
2026-08-16T18:45:56+02:00	25361	42.8	700	499	0.8955V	1.16	0x0	clean	24.1	322244
2026-08-16T18:46:56+02:00	25422	42.3	700	499	0.8955V	1.25	0x0	clean	24.1	322244
2026-08-16T18:47:56+02:00	25482	43.3	700	499	0.8955V	1.32	0x0	clean	24.1	322244
2026-08-16T18:48:56+02:00	25542	40.9	700	499	0.8955V	1.22	0x0	clean	24.1	322244
2026-08-16T18:49:56+02:00	25602	43.3	700	499	0.8955V	1.18	0x0	clean	24.1	322244
2026-08-16T18:50:57+02:00	25662	43.8	800	499	0.8955V	1.55	0x0	clean	24.1	322244
2026-08-16T18:51:57+02:00	25722	42.3	700	499	0.8955V	1.23	0x0	clean	24.1	322244
2026-08-16T18:52:57+02:00	25782	42.8	700	499	0.8955V	1.34	0x0	clean	24.0	322244
2026-08-16T18:53:57+02:00	25842	43.3	700	499	0.8955V	1.27	0x0	clean	24.0	322244
2026-08-16T18:54:57+02:00	25902	42.3	700	499	0.8955V	1.39	0x0	clean	24.0	322244
2026-08-16T18:55:57+02:00	25962	43.8	700	499	0.8955V	1.20	0x0	clean	24.0	322244
2026-08-16T18:56:57+02:00	26023	43.8	700	499	0.8955V	1.36	0x0	clean	24.0	322244
2026-08-16T18:57:57+02:00	26083	43.8	700	499	0.8955V	1.36	0x0	clean	24.0	322244
2026-08-16T18:58:57+02:00	26143	42.3	700	499	0.8955V	1.30	0x0	clean	24.0	322244
2026-08-16T18:59:57+02:00	26203	42.3	700	499	0.8955V	1.20	0x0	clean	24.0	322244
2026-08-16T19:00:58+02:00	26263	43.3	800	499	0.8955V	1.24	0x0	clean	24.0	322244
2026-08-16T19:01:58+02:00	26323	43.8	700	499	0.8955V	1.49	0x0	clean	24.0	322244
2026-08-16T19:02:58+02:00	26383	42.3	800	293	0.8955V	1.18	0x0	clean	24.1	322244
2026-08-16T19:03:58+02:00	26443	42.8	700	499	0.8955V	1.16	0x0	clean	24.0	322244
2026-08-16T19:04:58+02:00	26503	43.3	700	499	0.8955V	1.19	0x0	clean	24.0	322244
2026-08-16T19:05:58+02:00	26563	42.3	700	499	0.8955V	1.30	0x0	clean	24.0	322244
2026-08-16T19:06:58+02:00	26624	42.3	700	499	0.8955V	1.16	0x0	clean	24.0	322244
2026-08-16T19:07:58+02:00	26684	42.8	700	499	0.8955V	1.30	0x0	clean	24.0	322244
2026-08-16T19:08:58+02:00	26744	43.3	700	499	0.8955V	1.30	0x0	clean	24.0	322244
2026-08-16T19:09:58+02:00	26804	42.8	700	499	0.8955V	1.25	0x0	clean	24.0	322244
2026-08-16T19:10:58+02:00	26864	41.8	700	499	0.8955V	1.26	0x0	clean	24.0	322244
2026-08-16T19:11:59+02:00	26924	42.8	700	499	0.8955V	1.35	0x0	clean	24.1	322244
2026-08-16T19:12:59+02:00	26984	43.3	700	499	0.8955V	1.34	0x0	clean	24.0	322244
2026-08-16T19:13:59+02:00	27044	42.8	700	499	0.8955V	1.20	0x0	clean	24.0	322244
2026-08-16T19:14:59+02:00	27104	42.8	700	499	0.8955V	1.13	0x0	clean	24.1	322244
2026-08-16T19:15:59+02:00	27164	42.8	700	499	0.8955V	1.49	0x0	clean	24.0	322244
2026-08-16T19:16:59+02:00	27225	42.8	700	499	0.8955V	1.24	0x0	clean	24.0	322244
2026-08-16T19:17:59+02:00	27285	42.8	700	499	0.8955V	1.13	0x0	clean	24.1	322244
2026-08-16T19:18:59+02:00	27345	41.8	700	499	0.8955V	1.30	0x0	clean	24.0	322244
2026-08-16T19:19:59+02:00	27405	41.8	700	499	0.8955V	1.29	0x0	clean	24.0	322244
2026-08-16T19:20:59+02:00	27465	43.3	700	499	0.8955V	1.34	0x0	clean	24.0	322244
2026-08-16T19:22:00+02:00	27525	42.3	700	499	0.8955V	1.22	0x0	clean	24.0	322244
2026-08-16T19:23:00+02:00	27585	42.3	700	499	0.8955V	1.42	0x0	clean	24.0	322244
2026-08-16T19:24:00+02:00	27645	43.3	700	499	0.8955V	1.37	0x0	clean	24.0	322244
2026-08-16T19:25:00+02:00	27705	42.3	700	499	0.8955V	1.24	0x0	clean	24.0	322244
2026-08-16T19:26:00+02:00	27765	42.3	700	499	0.8955V	1.25	0x0	clean	24.0	322244
2026-08-16T19:27:00+02:00	27826	42.3	700	499	0.8955V	1.46	0x0	clean	24.0	322244
2026-08-16T19:28:00+02:00	27886	42.3	700	267	0.8955V	1.29	0x0	clean	24.0	322244
2026-08-16T19:29:00+02:00	27946	43.8	700	267	0.8955V	1.39	0x0	clean	24.0	322244
2026-08-16T19:30:00+02:00	28006	42.8	700	499	0.8955V	1.37	0x0	clean	24.0	322244
2026-08-16T19:31:00+02:00	28066	42.8	700	499	0.8955V	1.42	0x0	clean	24.0	322244
2026-08-16T19:32:01+02:00	28126	42.8	700	499	0.8955V	1.43	0x0	clean	24.0	322244
2026-08-16T19:33:01+02:00	28186	42.8	700	499	0.8955V	1.25	0x0	clean	24.0	322244
2026-08-16T19:34:01+02:00	28246	42.8	700	499	0.8955V	1.49	0x0	clean	24.0	322244
2026-08-16T19:35:01+02:00	28306	42.8	700	499	0.8955V	1.22	0x0	clean	24.0	322244
2026-08-16T19:36:01+02:00	28366	43.3	700	499	0.8955V	1.18	0x0	clean	24.0	322244
2026-08-16T19:37:01+02:00	28427	43.8	700	499	0.8955V	1.21	0x0	clean	24.0	322244
2026-08-16T19:38:01+02:00	28487	41.8	700	499	0.8955V	1.36	0x0	clean	24.0	322244
2026-08-16T19:39:01+02:00	28547	43.3	700	499	0.8955V	1.26	0x0	clean	24.0	322244
2026-08-16T19:40:01+02:00	28607	42.3	700	499	0.8955V	1.46	0x0	clean	24.0	322244
2026-08-16T19:41:01+02:00	28667	41.8	700	499	0.8955V	1.27	0x0	clean	24.0	322244
2026-08-16T19:42:02+02:00	28727	42.3	700	499	0.8955V	1.30	0x0	clean	24.0	322244
2026-08-16T19:43:02+02:00	28787	43.8	700	499	0.8955V	1.30	0x0	clean	24.0	322244
2026-08-16T19:44:02+02:00	28847	43.3	700	499	0.8955V	1.64	0x0	clean	24.0	322244
2026-08-16T19:45:02+02:00	28907	42.3	700	499	0.8955V	1.49	0x0	clean	24.0	322244
2026-08-16T19:46:02+02:00	28967	42.3	700	499	0.8955V	1.22	0x0	clean	24.0	322244
2026-08-16T19:47:02+02:00	29028	42.3	700	499	0.8955V	1.30	0x0	clean	24.0	322244
2026-08-16T19:48:02+02:00	29088	43.3	700	499	0.8955V	1.24	0x0	clean	24.0	322244
2026-08-16T19:49:02+02:00	29148	43.3	700	499	0.8955V	1.28	0x0	clean	24.0	322244
2026-08-16T19:50:02+02:00	29208	43.8	700	499	0.8955V	1.20	0x0	clean	24.0	322244
2026-08-16T19:51:02+02:00	29268	42.3	700	499	0.8955V	1.45	0x0	clean	24.0	322244
2026-08-16T19:52:03+02:00	29328	41.8	700	499	0.8955V	1.41	0x0	clean	24.0	322244
2026-08-16T19:53:03+02:00	29388	43.3	700	499	0.8955V	1.34	0x0	clean	24.0	322244
2026-08-16T19:54:03+02:00	29448	43.3	700	499	0.8955V	1.25	0x0	clean	24.0	322244
2026-08-16T19:55:03+02:00	29508	41.8	700	499	0.8955V	1.54	0x0	clean	24.0	322244
2026-08-16T19:56:03+02:00	29568	42.3	700	499	0.8955V	1.51	0x0	clean	24.0	322244
2026-08-16T19:57:03+02:00	29629	43.8	700	499	0.8955V	1.31	0x0	clean	24.0	322244
2026-08-16T19:58:03+02:00	29689	42.3	700	499	0.8955V	1.38	0x0	clean	24.0	322244
2026-08-16T19:59:03+02:00	29749	42.3	700	499	0.8955V	1.46	0x0	clean	24.0	322244
2026-08-16T20:00:03+02:00	29809	42.8	700	499	0.8955V	1.23	0x0	clean	24.0	322244
2026-08-16T20:01:03+02:00	29869	42.3	700	499	0.8955V	1.13	0x0	clean	24.0	322244
2026-08-16T20:02:04+02:00	29929	41.3	700	267	0.8955V	1.42	0x0	clean	24.0	322244
2026-08-16T20:03:04+02:00	29989	42.3	700	267	0.8955V	1.29	0x0	clean	24.0	322244
2026-08-16T20:04:04+02:00	30049	42.3	700	499	0.8955V	1.41	0x0	clean	24.0	322244
2026-08-16T20:05:04+02:00	30109	41.8	700	499	0.8955V	1.29	0x0	clean	24.0	322244
2026-08-16T20:06:04+02:00	30169	42.8	700	499	0.8955V	1.48	0x0	clean	24.0	322244
2026-08-16T20:07:04+02:00	30230	42.3	700	499	0.8955V	1.38	0x0	clean	24.0	322244
2026-08-16T20:08:04+02:00	30290	42.3	700	499	0.8955V	1.25	0x0	clean	24.0	322244
2026-08-16T20:09:04+02:00	30350	42.8	700	499	0.8955V	1.25	0x0	clean	24.0	322244
2026-08-16T20:10:04+02:00	30410	42.3	700	499	0.8955V	1.31	0x0	clean	24.0	322244
2026-08-16T20:11:05+02:00	30470	42.3	700	499	0.8955V	1.23	0x0	clean	24.0	322244
2026-08-16T20:12:05+02:00	30530	42.8	700	499	0.8955V	1.33	0x0	clean	24.0	322244
2026-08-16T20:13:05+02:00	30590	43.3	700	499	0.8955V	1.41	0x0	clean	24.0	322244
2026-08-16T20:14:05+02:00	30650	41.8	700	499	0.8955V	1.19	0x0	clean	24.0	322244
2026-08-16T20:15:05+02:00	30710	42.8	700	499	0.8955V	1.16	0x0	clean	24.0	322244
2026-08-16T20:16:05+02:00	30770	42.3	700	499	0.8955V	1.15	0x0	clean	24.0	322244
2026-08-16T20:17:05+02:00	30831	42.8	700	499	0.8955V	1.43	0x0	clean	24.0	322244
2026-08-16T20:18:05+02:00	30891	42.3	700	499	0.8955V	1.24	0x0	clean	24.0	322244
2026-08-16T20:19:05+02:00	30951	42.8	700	499	0.8955V	1.26	0x0	clean	24.0	322244
2026-08-16T20:20:05+02:00	31011	42.3	700	499	0.8955V	1.22	0x0	clean	24.0	322244
2026-08-16T20:21:05+02:00	31071	43.8	700	499	0.8955V	1.47	0x0	clean	24.0	322244
2026-08-16T20:22:06+02:00	31131	41.8	700	499	0.8955V	1.33	0x0	clean	24.0	322244
2026-08-16T20:23:06+02:00	31191	42.8	700	499	0.8955V	1.49	0x0	clean	24.0	322244
2026-08-16T20:24:06+02:00	31251	42.3	700	499	0.8955V	1.54	0x0	clean	24.0	322244
2026-08-16T20:25:06+02:00	31311	42.3	700	499	0.8955V	1.35	0x0	clean	24.0	322244
2026-08-16T20:26:06+02:00	31371	42.3	700	499	0.8955V	1.30	0x0	clean	24.0	322244
2026-08-16T20:27:06+02:00	31432	42.3	700	499	0.8955V	1.51	0x0	clean	24.0	322244
2026-08-16T20:28:06+02:00	31492	42.3	700	499	0.8955V	1.36	0x0	clean	24.0	322244
2026-08-16T20:29:06+02:00	31552	41.3	700	499	0.8955V	1.30	0x0	clean	24.0	322244
2026-08-16T20:30:06+02:00	31612	42.8	700	499	0.8955V	1.27	0x0	clean	24.0	322244
2026-08-16T20:31:06+02:00	31672	42.8	700	499	0.8955V	1.36	0x0	clean	24.0	322244
2026-08-16T20:32:07+02:00	31732	42.3	700	499	0.8955V	1.26	0x0	clean	24.0	322244
2026-08-16T20:33:07+02:00	31792	43.8	700	499	0.8955V	1.36	0x0	clean	24.0	322244
2026-08-16T20:34:07+02:00	31852	42.8	700	499	0.8955V	1.49	0x0	clean	24.0	322244
2026-08-16T20:35:07+02:00	31912	43.8	700	499	0.8955V	1.37	0x0	clean	24.0	322244
2026-08-16T20:36:07+02:00	31972	42.8	700	499	0.8955V	1.29	0x0	clean	24.0	322244
2026-08-16T20:37:07+02:00	32033	43.8	700	499	0.8955V	1.21	0x0	clean	24.0	322244
2026-08-16T20:38:07+02:00	32093	42.3	700	499	0.8955V	1.58	0x0	clean	24.0	322244
2026-08-16T20:39:07+02:00	32153	42.3	700	499	0.8955V	1.26	0x0	clean	24.0	322244
2026-08-16T20:40:07+02:00	32213	42.3	700	499	0.8955V	1.21	0x0	clean	24.0	322244
2026-08-16T20:41:07+02:00	32273	43.3	700	499	0.8955V	1.28	0x0	clean	24.0	322244
2026-08-16T20:42:08+02:00	32333	42.8	700	499	0.8955V	1.22	0x0	clean	24.0	322244
2026-08-16T20:43:08+02:00	32393	43.3	700	499	0.8955V	1.14	0x0	clean	24.0	322244
2026-08-16T20:44:08+02:00	32453	42.8	700	499	0.8955V	1.41	0x0	clean	24.0	322244
2026-08-16T20:45:08+02:00	32513	42.3	700	499	0.8955V	1.26	0x0	clean	24.0	322244
2026-08-16T20:46:08+02:00	32573	42.3	700	499	0.8955V	1.14	0x0	clean	24.0	322244
2026-08-16T20:47:08+02:00	32634	41.8	700	499	0.8955V	1.30	0x0	clean	24.0	322244
2026-08-16T20:48:08+02:00	32694	42.3	700	499	0.8955V	1.29	0x0	clean	24.0	322244
2026-08-16T20:49:08+02:00	32754	43.3	700	499	0.8955V	1.20	0x0	clean	24.0	322244
2026-08-16T20:50:08+02:00	32814	42.8	700	267	0.8955V	1.22	0x0	clean	24.0	322244
2026-08-16T20:51:08+02:00	32874	43.3	700	499	0.8955V	1.54	0x0	clean	24.0	322244
2026-08-16T20:52:09+02:00	32934	42.3	700	499	0.8955V	1.30	0x0	clean	24.0	322244
2026-08-16T20:53:09+02:00	32994	42.8	700	499	0.8955V	1.33	0x0	clean	24.0	322244
2026-08-16T20:54:09+02:00	33054	42.8	700	499	0.8955V	1.23	0x0	clean	24.0	322244
2026-08-16T20:55:09+02:00	33114	42.8	700	499	0.8955V	1.26	0x0	clean	24.0	322244
2026-08-16T20:56:09+02:00	33174	41.8	700	499	0.8955V	1.19	0x0	clean	24.0	322244
2026-08-16T20:57:09+02:00	33235	42.8	700	499	0.8955V	1.39	0x0	clean	24.0	322244
2026-08-16T20:58:09+02:00	33295	42.3	700	499	0.8955V	1.32	0x0	clean	24.0	322244
2026-08-16T20:59:09+02:00	33355	42.3	700	499	0.8955V	1.16	0x0	clean	24.0	322244
2026-08-16T21:00:09+02:00	33415	41.3	700	499	0.8955V	1.25	0x0	clean	24.0	322244
2026-08-16T21:01:09+02:00	33475	42.8	700	499	0.8955V	1.27	0x0	clean	24.0	322244
2026-08-16T21:02:10+02:00	33535	42.8	700	499	0.8955V	1.23	0x0	clean	24.0	322244
2026-08-16T21:03:10+02:00	33595	42.8	700	499	0.8955V	1.13	0x0	clean	24.0	322244
2026-08-16T21:04:10+02:00	33655	42.3	700	499	0.8955V	1.35	0x0	clean	24.0	322244
2026-08-16T21:05:10+02:00	33715	42.3	700	499	0.8955V	1.27	0x0	clean	24.0	322244
2026-08-16T21:06:10+02:00	33775	41.8	700	499	0.8955V	1.29	0x0	clean	24.0	322244
2026-08-16T21:07:10+02:00	33836	41.3	700	499	0.8955V	1.21	0x0	clean	24.0	322244
2026-08-16T21:08:10+02:00	33896	42.3	700	499	0.8955V	1.37	0x0	clean	24.0	322244
2026-08-16T21:09:10+02:00	33956	42.8	700	499	0.8955V	1.19	0x0	clean	24.0	322244
2026-08-16T21:10:10+02:00	34016	42.3	700	499	0.8955V	1.27	0x0	clean	24.0	322244
2026-08-16T21:11:10+02:00	34076	42.3	700	499	0.8955V	1.45	0x0	clean	24.0	322244
2026-08-16T21:12:11+02:00	34136	41.8	700	499	0.8955V	1.33	0x0	clean	24.0	322244
2026-08-16T21:13:11+02:00	34196	42.8	700	499	0.8955V	1.31	0x0	clean	24.0	322244
2026-08-16T21:14:11+02:00	34256	41.3	700	499	0.8955V	1.20	0x0	clean	24.0	322244
2026-08-16T21:15:11+02:00	34316	41.8	700	499	0.8955V	1.62	0x0	clean	24.0	322244
2026-08-16T21:16:11+02:00	34376	43.3	700	499	0.8955V	1.48	0x0	clean	24.0	322244
2026-08-16T21:17:11+02:00	34437	42.3	700	499	0.8955V	1.31	0x0	clean	24.0	322244
2026-08-16T21:18:11+02:00	34497	43.8	700	499	0.8955V	1.24	0x0	clean	24.0	322244
2026-08-16T21:19:11+02:00	34557	42.8	700	499	0.8955V	1.40	0x0	clean	24.0	322244
2026-08-16T21:20:11+02:00	34617	42.8	700	499	0.8955V	1.41	0x0	clean	24.0	322244
2026-08-16T21:21:11+02:00	34677	43.3	700	499	0.8955V	1.42	0x0	clean	24.0	322244
2026-08-16T21:22:12+02:00	34737	42.3	700	499	0.8955V	1.20	0x0	clean	24.0	322244
2026-08-16T21:23:12+02:00	34797	42.8	700	267	0.8955V	1.43	0x0	clean	24.0	322244
2026-08-16T21:24:12+02:00	34857	42.8	700	499	0.8955V	1.37	0x0	clean	24.0	322244
2026-08-16T21:25:12+02:00	34917	42.3	700	499	0.8955V	1.21	0x0	clean	24.0	322244
2026-08-16T21:26:12+02:00	34977	43.8	700	499	0.8955V	1.13	0x0	clean	24.0	322244
2026-08-16T21:27:12+02:00	35038	42.3	700	499	0.8955V	1.45	0x0	clean	24.0	322244
2026-08-16T21:28:12+02:00	35098	42.8	700	499	0.8955V	1.45	0x0	clean	24.0	322244
2026-08-16T21:29:12+02:00	35158	42.3	700	499	0.8955V	1.30	0x0	clean	24.0	322244
2026-08-16T21:30:12+02:00	35218	42.3	700	499	0.8955V	1.29	0x0	clean	24.0	322244
2026-08-16T21:31:12+02:00	35278	41.8	700	499	0.8955V	1.32	0x0	clean	24.0	322244
2026-08-16T21:32:13+02:00	35338	42.3	700	499	0.8955V	1.37	0x0	clean	24.0	322244
2026-08-16T21:33:13+02:00	35398	41.8	700	499	0.8955V	1.18	0x0	clean	24.0	322244
2026-08-16T21:34:13+02:00	35458	42.3	700	499	0.8955V	1.37	0x0	clean	24.0	322244
2026-08-16T21:35:13+02:00	35518	41.8	700	499	0.8955V	1.38	0x0	clean	24.0	322244
2026-08-16T21:36:13+02:00	35578	42.8	700	499	0.8955V	1.35	0x0	clean	24.0	322244
2026-08-16T21:37:13+02:00	35638	42.8	700	499	0.8955V	1.18	0x0	clean	24.0	322244
2026-08-16T21:38:13+02:00	35699	42.8	700	499	0.8955V	1.36	0x0	clean	24.0	322244
2026-08-16T21:39:13+02:00	35759	43.3	700	499	0.8955V	1.38	0x0	clean	24.0	322244
2026-08-16T21:40:13+02:00	35819	42.8	700	499	0.8955V	1.42	0x0	clean	24.0	322244
2026-08-16T21:41:13+02:00	35879	42.3	700	499	0.8955V	1.27	0x0	clean	24.0	322244
2026-08-16T21:42:14+02:00	35939	42.8	700	499	0.8955V	1.53	0x0	clean	24.0	322244
2026-08-16T21:43:14+02:00	35999	42.3	700	499	0.8955V	1.42	0x0	clean	24.0	322244
2026-08-16T21:44:14+02:00	36059	42.8	700	499	0.8955V	1.15	0x0	clean	24.0	322244
2026-08-16T21:45:14+02:00	36119	42.3	700	499	0.8955V	1.24	0x0	clean	24.0	322244
2026-08-16T21:46:14+02:00	36179	42.3	700	499	0.8955V	1.25	0x0	clean	24.0	322244
2026-08-16T21:47:14+02:00	36239	42.3	700	499	0.8955V	1.22	0x0	clean	24.0	322244
2026-08-16T21:48:14+02:00	36300	43.8	700	499	0.8955V	1.13	0x0	clean	24.0	322244
2026-08-16T21:49:14+02:00	36360	42.3	700	499	0.8955V	1.22	0x0	clean	24.0	322244
2026-08-16T21:50:14+02:00	36420	42.3	800	499	0.8955V	1.27	0x0	clean	24.0	322244
2026-08-16T21:51:14+02:00	36480	42.8	700	499	0.8955V	1.24	0x0	clean	24.0	322244
2026-08-16T21:52:15+02:00	36540	43.8	700	499	0.8955V	1.14	0x0	clean	24.0	322244
2026-08-16T21:53:15+02:00	36600	41.8	700	499	0.8955V	1.27	0x0	clean	24.0	322244
2026-08-16T21:54:15+02:00	36660	42.8	700	499	0.8955V	1.31	0x0	clean	24.0	322244
2026-08-16T21:55:15+02:00	36720	42.3	700	499	0.8955V	1.23	0x0	clean	24.0	322244
2026-08-16T21:56:15+02:00	36780	41.8	700	499	0.8955V	1.45	0x0	clean	24.0	322244
2026-08-16T21:57:15+02:00	36840	41.8	700	499	0.8955V	1.61	0x0	clean	24.0	322244
2026-08-16T21:58:15+02:00	36901	41.8	700	499	0.8955V	1.22	0x0	clean	24.0	322244
2026-08-16T21:59:15+02:00	36961	42.3	700	499	0.8955V	1.12	0x0	clean	24.0	322244
2026-08-16T22:00:15+02:00	37021	42.8	700	499	0.8955V	1.33	0x0	clean	24.0	322244
2026-08-16T22:01:15+02:00	37081	42.3	700	499	0.8955V	1.30	0x0	clean	24.0	322244
2026-08-16T22:02:16+02:00	37141	41.8	700	499	0.8955V	1.28	0x0	clean	24.0	322244
2026-08-16T22:03:16+02:00	37201	42.8	700	499	0.8955V	1.25	0x0	clean	24.0	322244
2026-08-16T22:04:16+02:00	37261	42.8	700	499	0.8955V	1.50	0x0	clean	24.0	322244
2026-08-16T22:05:16+02:00	37321	42.3	700	499	0.8955V	1.28	0x0	clean	24.0	322244
2026-08-16T22:06:16+02:00	37381	42.8	700	267	0.8955V	1.21	0x0	clean	24.0	322244
2026-08-16T22:07:16+02:00	37441	42.3	700	499	0.8955V	1.24	0x0	clean	24.0	322244
2026-08-16T22:08:16+02:00	37502	42.3	700	499	0.8955V	1.49	0x0	clean	24.0	322244
2026-08-16T22:09:16+02:00	37562	42.8	700	499	0.8955V	1.24	0x0	clean	24.0	322244
2026-08-16T22:10:16+02:00	37622	42.8	700	499	0.8955V	1.21	0x0	clean	24.0	322244
2026-08-16T22:11:16+02:00	37682	42.8	700	499	0.8955V	1.30	0x0	clean	24.0	322244
2026-08-16T22:12:17+02:00	37742	43.3	700	499	0.8955V	1.41	0x0	clean	24.0	322244
2026-08-16T22:13:17+02:00	37802	41.8	700	499	0.8955V	1.21	0x0	clean	24.0	322244
2026-08-16T22:14:17+02:00	37862	42.8	700	499	0.8955V	1.12	0x0	clean	24.0	322244
2026-08-16T22:15:17+02:00	37922	42.3	700	499	0.8955V	1.49	0x0	clean	24.0	322244
2026-08-16T22:16:17+02:00	37982	42.8	700	499	0.8955V	1.23	0x0	clean	24.0	322244
2026-08-16T22:17:17+02:00	38042	41.8	700	499	0.8955V	1.30	0x0	clean	24.0	322244
2026-08-16T22:18:17+02:00	38103	42.3	700	499	0.8955V	1.20	0x0	clean	24.0	322244
2026-08-16T22:19:17+02:00	38163	42.8	700	499	0.8955V	1.39	0x0	clean	24.0	322244
2026-08-16T22:20:17+02:00	38223	41.8	700	499	0.8955V	1.29	0x0	clean	24.0	322244
2026-08-16T22:21:17+02:00	38283	43.3	700	499	0.8955V	1.31	0x0	clean	24.0	322244
2026-08-16T22:22:18+02:00	38343	43.3	700	499	0.8955V	1.26	0x0	clean	24.0	322244
2026-08-16T22:23:18+02:00	38403	41.8	700	499	0.8955V	1.45	0x0	clean	24.0	322244
2026-08-16T22:24:18+02:00	38463	41.8	700	499	0.8955V	1.27	0x0	clean	24.0	322244
2026-08-16T22:25:18+02:00	38523	42.8	700	499	0.8955V	1.43	0x0	clean	24.0	322244
2026-08-16T22:26:18+02:00	38583	42.3	700	499	0.8955V	1.45	0x0	clean	24.0	322244
2026-08-16T22:27:18+02:00	38643	42.8	700	499	0.8955V	1.32	0x0	clean	24.0	322244
2026-08-16T22:28:18+02:00	38704	42.8	700	499	0.8955V	1.29	0x0	clean	24.0	322244
2026-08-16T22:29:18+02:00	38764	41.3	700	499	0.8955V	1.51	0x0	clean	24.0	322244
2026-08-16T22:30:18+02:00	38824	41.8	700	499	0.8955V	1.25	0x0	clean	24.0	322244
2026-08-16T22:31:18+02:00	38884	42.8	700	499	0.8955V	1.13	0x0	clean	24.0	322244
2026-08-16T22:32:19+02:00	38944	42.3	700	499	0.8955V	1.53	0x0	clean	24.0	322244
2026-08-16T22:33:19+02:00	39004	43.3	700	499	0.8955V	1.53	0x0	clean	24.0	322244
2026-08-16T22:34:19+02:00	39064	42.3	700	499	0.8955V	1.36	0x0	clean	24.0	322244
2026-08-16T22:35:19+02:00	39124	42.8	700	499	0.8955V	1.28	0x0	clean	24.0	322244
2026-08-16T22:36:19+02:00	39184	41.8	700	499	0.8955V	1.48	0x0	clean	24.0	322244
2026-08-16T22:37:19+02:00	39244	41.8	700	499	0.8955V	1.23	0x0	clean	24.0	322244
2026-08-16T22:38:19+02:00	39305	42.8	700	499	0.8955V	1.34	0x0	clean	24.0	322244
2026-08-16T22:39:19+02:00	39365	43.3	700	499	0.8955V	1.36	0x0	clean	24.0	322244
2026-08-16T22:40:19+02:00	39425	42.3	700	499	0.8955V	1.40	0x0	clean	24.0	322244
2026-08-16T22:41:19+02:00	39485	43.3	700	499	0.8955V	1.26	0x0	clean	24.0	322244
2026-08-16T22:42:20+02:00	39545	42.3	700	499	0.8955V	1.43	0x0	clean	24.0	322244
2026-08-16T22:43:20+02:00	39605	42.8	700	499	0.8955V	1.45	0x0	clean	24.0	322244
2026-08-16T22:44:20+02:00	39665	42.3	700	499	0.8955V	1.21	0x0	clean	24.0	322244
2026-08-16T22:45:20+02:00	39725	41.8	700	499	0.8955V	1.20	0x0	clean	24.0	322244
2026-08-16T22:46:20+02:00	39785	43.8	700	499	0.8955V	1.21	0x0	clean	24.0	322244
2026-08-16T22:47:20+02:00	39845	41.8	700	499	0.8955V	1.26	0x0	clean	24.0	322244
2026-08-16T22:48:20+02:00	39906	43.8	700	499	0.8955V	1.14	0x0	clean	24.0	322244
2026-08-16T22:49:20+02:00	39966	43.3	700	267	0.8955V	1.37	0x0	clean	24.0	322244
2026-08-16T22:50:20+02:00	40026	42.8	700	499	0.8955V	1.50	0x0	clean	24.0	322244
2026-08-16T22:51:20+02:00	40086	42.3	700	499	0.8955V	1.44	0x0	clean	24.0	322244
2026-08-16T22:52:21+02:00	40146	42.8	700	499	0.8955V	1.25	0x0	clean	24.0	322244
2026-08-16T22:53:21+02:00	40206	42.8	700	499	0.8955V	1.46	0x0	clean	24.0	322244
2026-08-16T22:54:21+02:00	40266	41.8	700	499	0.8955V	1.33	0x0	clean	24.0	322244
2026-08-16T22:55:21+02:00	40326	43.3	700	499	0.8955V	1.24	0x0	clean	24.0	322244
2026-08-16T22:56:21+02:00	40386	42.8	700	499	0.8955V	1.29	0x0	clean	24.0	322244
2026-08-16T22:57:21+02:00	40446	43.8	700	499	0.8955V	1.59	0x0	clean	24.0	322244
2026-08-16T22:58:21+02:00	40507	43.8	700	499	0.8955V	1.28	0x0	clean	24.0	322244
2026-08-16T22:59:21+02:00	40567	42.8	700	499	0.8955V	1.19	0x0	clean	24.0	322244
2026-08-16T23:00:21+02:00	40627	42.8	700	499	0.8955V	1.32	0x0	clean	24.0	322244
2026-08-16T23:01:21+02:00	40687	42.3	700	499	0.8955V	1.39	0x0	clean	24.0	322244
2026-08-16T23:02:22+02:00	40747	42.8	700	499	0.8955V	1.38	0x0	clean	24.0	322244
2026-08-16T23:03:22+02:00	40807	42.8	700	499	0.8955V	1.34	0x0	clean	24.0	322244
2026-08-16T23:04:22+02:00	40867	43.8	700	267	0.8955V	1.53	0x0	clean	24.0	322244
2026-08-16T23:05:22+02:00	40927	41.8	700	499	0.8955V	1.31	0x0	clean	24.0	322244
2026-08-16T23:06:22+02:00	40987	42.3	700	499	0.8955V	1.34	0x0	clean	24.0	322244
2026-08-16T23:07:22+02:00	41047	42.8	700	499	0.8955V	1.28	0x0	clean	24.0	322244
2026-08-16T23:08:22+02:00	41108	42.3	700	499	0.8955V	1.25	0x0	clean	24.0	322244
2026-08-16T23:09:22+02:00	41168	42.8	700	499	0.8955V	1.15	0x0	clean	24.0	322244
2026-08-16T23:10:22+02:00	41228	42.8	700	499	0.8955V	1.41	0x0	clean	24.0	322244
2026-08-16T23:11:22+02:00	41288	41.8	700	499	0.8955V	1.31	0x0	clean	24.0	322244
2026-08-16T23:12:22+02:00	41348	42.8	700	499	0.8955V	1.15	0x0	clean	24.0	322244
2026-08-16T23:13:23+02:00	41408	42.8	700	499	0.8955V	1.21	0x0	clean	24.0	322244
2026-08-16T23:14:23+02:00	41468	42.3	700	499	0.8955V	1.16	0x0	clean	24.0	322244
2026-08-16T23:15:23+02:00	41528	42.8	700	499	0.8955V	1.35	0x0	clean	24.0	322244
2026-08-16T23:16:23+02:00	41588	43.3	700	499	0.8955V	1.27	0x0	clean	24.0	322244
2026-08-16T23:17:23+02:00	41648	43.3	700	499	0.8955V	1.27	0x0	clean	24.0	322244
2026-08-16T23:18:23+02:00	41709	42.8	700	499	0.8955V	1.29	0x0	clean	24.0	322244
2026-08-16T23:19:23+02:00	41769	43.3	700	499	0.8955V	1.36	0x0	clean	24.0	322244
2026-08-16T23:20:23+02:00	41829	42.8	700	499	0.8955V	1.36	0x0	clean	24.0	322244
2026-08-16T23:21:23+02:00	41889	43.3	700	499	0.8955V	1.56	0x0	clean	24.0	322244
2026-08-16T23:22:23+02:00	41949	41.8	700	499	0.8955V	1.41	0x0	clean	24.0	322244
2026-08-16T23:23:24+02:00	42009	42.8	700	499	0.8955V	1.27	0x0	clean	24.0	322244
2026-08-16T23:24:24+02:00	42069	43.8	700	499	0.8955V	1.29	0x0	clean	24.0	322244
2026-08-16T23:25:24+02:00	42129	41.8	700	499	0.8955V	1.59	0x0	clean	24.0	322244
2026-08-16T23:26:24+02:00	42189	43.3	700	499	0.8955V	1.34	0x0	clean	24.0	322244
2026-08-16T23:27:24+02:00	42249	43.3	700	499	0.8955V	1.27	0x0	clean	24.0	322244
2026-08-16T23:28:24+02:00	42310	43.3	700	499	0.8955V	1.41	0x0	clean	24.0	322244
2026-08-16T23:29:24+02:00	42370	43.3	700	499	0.8955V	1.33	0x0	clean	24.0	322244
2026-08-16T23:30:24+02:00	42430	42.8	700	499	0.8955V	1.25	0x0	clean	24.0	322244
2026-08-16T23:31:24+02:00	42490	43.3	700	499	0.8955V	1.24	0x0	clean	24.0	322244
2026-08-16T23:32:24+02:00	42550	42.8	700	499	0.8955V	1.46	0x0	clean	24.0	322244
2026-08-16T23:33:25+02:00	42610	42.8	700	499	0.8955V	1.27	0x0	clean	24.0	322244
2026-08-16T23:34:25+02:00	42670	42.3	700	499	0.8955V	1.21	0x0	clean	24.0	322244
2026-08-16T23:35:25+02:00	42730	42.8	700	499	0.8955V	1.29	0x0	clean	24.0	322244
2026-08-16T23:36:25+02:00	42790	42.8	700	499	0.8955V	1.47	0x0	clean	24.0	322244
2026-08-16T23:37:25+02:00	42850	42.8	700	499	0.8955V	1.23	0x0	clean	24.0	322244
2026-08-16T23:38:25+02:00	42911	42.3	700	499	0.8955V	1.41	0x0	clean	24.0	322244
2026-08-16T23:39:25+02:00	42971	43.3	700	499	0.8955V	1.38	0x0	clean	24.0	322244
2026-08-16T23:40:25+02:00	43031	42.3	700	499	0.8955V	1.14	0x0	clean	24.0	322244
2026-08-16T23:41:25+02:00	43091	43.8	700	499	0.8955V	1.30	0x0	clean	24.0	322244
2026-08-16T23:42:25+02:00	43151	42.3	700	499	0.8955V	1.30	0x0	clean	24.0	322244
2026-08-16T23:43:26+02:00	43211	43.3	700	499	0.8955V	1.30	0x0	clean	24.0	322244
2026-08-16T23:44:26+02:00	43271	42.3	700	499	0.8955V	1.16	0x0	clean	24.0	322244
2026-08-16T23:45:26+02:00	43331	42.8	700	499	0.8955V	1.36	0x0	clean	24.0	322244
2026-08-16T23:46:26+02:00	43391	43.3	700	499	0.8955V	1.33	0x0	clean	24.0	322244
2026-08-16T23:47:26+02:00	43451	42.8	700	499	0.8955V	1.19	0x0	clean	24.0	322244
2026-08-16T23:48:26+02:00	43512	44.3	700	499	0.8955V	1.25	0x0	clean	24.0	322244
2026-08-16T23:49:26+02:00	43572	43.3	700	499	0.8955V	1.57	0x0	clean	24.0	322244
2026-08-16T23:50:26+02:00	43632	42.3	700	499	0.8955V	1.38	0x0	clean	24.0	322244
2026-08-16T23:51:26+02:00	43692	42.8	700	499	0.8955V	1.46	0x0	clean	24.0	322244
2026-08-16T23:52:27+02:00	43752	41.8	700	499	0.8955V	1.59	0x0	clean	24.0	322244
2026-08-16T23:53:27+02:00	43812	42.3	700	499	0.8955V	1.60	0x0	clean	24.0	322244
2026-08-16T23:54:27+02:00	43872	42.8	700	499	0.8955V	1.28	0x0	clean	24.0	322244
2026-08-16T23:55:27+02:00	43932	41.8	700	499	0.8955V	1.38	0x0	clean	24.0	322244
2026-08-16T23:56:27+02:00	43992	42.3	700	499	0.8955V	1.37	0x0	clean	24.0	322244
2026-08-16T23:57:27+02:00	44052	41.8	700	499	0.8955V	1.17	0x0	clean	24.0	322244
2026-08-16T23:58:27+02:00	44113	42.3	700	499	0.8955V	1.12	0x0	clean	24.0	322244
2026-08-16T23:59:27+02:00	44173	41.3	700	499	0.8955V	1.25	0x0	clean	24.0	322244
2026-08-17T00:00:27+02:00	44233	42.3	700	499	0.8955V	1.48	0x0	clean	24.0	322244
2026-08-17T00:01:27+02:00	44293	43.8	700	499	0.8955V	1.22	0x0	clean	24.0	322244
2026-08-17T00:02:28+02:00	44353	42.8	700	499	0.8955V	1.25	0x0	clean	24.0	322244
2026-08-17T00:03:28+02:00	44413	43.3	700	499	0.8955V	1.24	0x0	clean	24.0	322244
2026-08-17T00:04:28+02:00	44473	42.3	700	499	0.8955V	1.31	0x0	clean	24.0	322244
2026-08-17T00:05:28+02:00	44533	43.3	700	499	0.8955V	1.22	0x0	clean	24.0	322244
2026-08-17T00:06:28+02:00	44593	43.3	700	499	0.8955V	1.57	0x0	clean	24.0	322244
2026-08-17T00:07:28+02:00	44653	42.3	700	499	0.8955V	1.42	0x0	clean	24.0	322244
2026-08-17T00:08:28+02:00	44714	43.3	700	499	0.8955V	1.31	0x0	clean	24.0	322244
2026-08-17T00:09:28+02:00	44774	42.3	700	499	0.8955V	1.17	0x0	clean	24.0	322244
2026-08-17T00:10:28+02:00	44834	42.3	700	499	0.8955V	1.46	0x0	clean	24.0	322244
2026-08-17T00:11:28+02:00	44894	43.3	700	499	0.8955V	1.40	0x0	clean	24.0	322244
2026-08-17T00:12:29+02:00	44954	42.8	700	499	0.8955V	1.19	0x0	clean	24.0	322244
2026-08-17T00:13:29+02:00	45014	42.8	700	499	0.8955V	1.16	0x0	clean	24.0	322244
2026-08-17T00:14:29+02:00	45074	42.3	700	499	0.8955V	1.22	0x0	clean	24.0	322244
2026-08-17T00:15:29+02:00	45134	42.3	700	499	0.8955V	1.39	0x0	clean	24.0	322244
2026-08-17T00:16:29+02:00	45194	43.3	700	499	0.8955V	1.19	0x0	clean	24.0	322244
2026-08-17T00:17:29+02:00	45254	43.3	700	499	0.8955V	1.38	0x0	clean	24.0	322244
2026-08-17T00:18:29+02:00	45315	43.8	700	499	0.8955V	1.37	0x0	clean	24.0	322244
2026-08-17T00:19:29+02:00	45375	43.3	700	499	0.8955V	1.35	0x0	clean	24.0	322244
2026-08-17T00:20:29+02:00	45435	43.3	700	499	0.8955V	1.18	0x0	clean	24.0	322244
2026-08-17T00:21:29+02:00	45495	43.8	800	499	0.8955V	1.48	0x0	clean	24.0	322244
2026-08-17T00:22:29+02:00	45555	42.3	700	499	0.8955V	1.32	0x0	clean	24.0	322244
2026-08-17T00:23:30+02:00	45615	42.3	700	499	0.8955V	1.43	0x0	clean	24.0	322244
2026-08-17T00:24:30+02:00	45675	42.8	700	499	0.8955V	1.21	0x0	clean	24.0	322244
2026-08-17T00:25:30+02:00	45735	41.3	700	499	0.8955V	1.40	0x0	clean	24.0	322244
2026-08-17T00:26:30+02:00	45795	41.8	700	499	0.8955V	1.37	0x0	clean	24.0	322244
2026-08-17T00:27:30+02:00	45855	41.8	700	499	0.8955V	1.14	0x0	clean	24.0	322244
2026-08-17T00:28:30+02:00	45916	41.8	700	499	0.8955V	1.33	0x0	clean	24.0	322244
2026-08-17T00:29:30+02:00	45976	42.3	700	499	0.8955V	1.25	0x0	clean	24.0	322244
2026-08-17T00:30:30+02:00	46036	42.3	700	499	0.8955V	1.52	0x0	clean	24.0	322244
2026-08-17T00:31:30+02:00	46096	42.3	700	499	0.8955V	1.29	0x0	clean	24.0	322244
2026-08-17T00:32:30+02:00	46156	42.8	700	499	0.8955V	1.43	0x0	clean	24.0	322244
2026-08-17T00:33:31+02:00	46216	42.3	700	499	0.8955V	1.25	0x0	clean	24.0	322244
2026-08-17T00:34:31+02:00	46276	42.8	700	499	0.8955V	1.31	0x0	clean	24.0	322244
2026-08-17T00:35:31+02:00	46336	42.8	700	499	0.8955V	1.27	0x0	clean	24.0	322244
2026-08-17T00:36:31+02:00	46396	43.3	700	499	0.8955V	1.47	0x0	clean	24.0	322244
2026-08-17T00:37:31+02:00	46456	41.8	700	499	0.8955V	1.50	0x0	clean	24.0	322244
2026-08-17T00:38:31+02:00	46517	43.3	700	499	0.8955V	1.30	0x0	clean	24.0	322244
2026-08-17T00:39:31+02:00	46577	43.8	700	499	0.8955V	1.34	0x0	clean	24.0	322244
2026-08-17T00:40:31+02:00	46637	43.3	700	499	0.8955V	1.57	0x0	clean	24.0	322244
2026-08-17T00:41:31+02:00	46697	43.8	700	499	0.8955V	1.46	0x0	clean	24.0	322244
2026-08-17T00:42:31+02:00	46757	43.8	700	499	0.8955V	1.21	0x0	clean	24.0	322244
2026-08-17T00:43:32+02:00	46817	43.3	700	499	0.8955V	1.36	0x0	clean	24.0	322244
2026-08-17T00:44:32+02:00	46877	41.8	700	499	0.8955V	1.31	0x0	clean	24.0	322244
2026-08-17T00:45:32+02:00	46937	42.3	700	499	0.8955V	1.25	0x0	clean	24.0	322244
2026-08-17T00:46:32+02:00	46997	43.8	700	499	0.8955V	1.34	0x0	clean	24.0	322244
2026-08-17T00:47:32+02:00	47057	43.8	700	499	0.8955V	1.46	0x0	clean	24.0	322244
2026-08-17T00:48:32+02:00	47118	42.8	700	499	0.8955V	1.38	0x0	clean	24.0	322244
2026-08-17T00:49:32+02:00	47178	42.8	700	499	0.8955V	1.48	0x0	clean	24.0	322244
2026-08-17T00:50:32+02:00	47238	43.3	700	499	0.8955V	1.28	0x0	clean	24.0	322244
2026-08-17T00:51:32+02:00	47298	43.3	700	499	0.8955V	1.55	0x0	clean	24.0	322244
2026-08-17T00:52:32+02:00	47358	42.3	700	499	0.8955V	1.26	0x0	clean	24.0	322244
2026-08-17T00:53:33+02:00	47418	42.8	700	499	0.8955V	1.29	0x0	clean	24.0	322244
2026-08-17T00:54:33+02:00	47478	42.8	700	499	0.8955V	1.28	0x0	clean	24.0	322244
2026-08-17T00:55:33+02:00	47538	42.8	700	499	0.8955V	1.27	0x0	clean	24.0	322244
2026-08-17T00:56:33+02:00	47598	42.8	700	499	0.8955V	1.16	0x0	clean	24.0	322244
2026-08-17T00:57:33+02:00	47658	43.8	700	499	0.8955V	1.20	0x0	clean	24.0	322244
2026-08-17T00:58:33+02:00	47719	43.3	700	499	0.8955V	1.42	0x0	clean	24.0	322244
2026-08-17T00:59:33+02:00	47779	43.3	700	499	0.8955V	1.20	0x0	clean	24.0	322244
2026-08-17T01:00:33+02:00	47839	42.8	700	499	0.8955V	1.52	0x0	clean	24.0	322244
2026-08-17T01:01:33+02:00	47899	42.8	700	499	0.8955V	1.29	0x0	clean	24.0	322244
2026-08-17T01:02:33+02:00	47959	42.8	800	499	0.8955V	1.56	0x0	clean	24.0	322244
2026-08-17T01:03:34+02:00	48019	43.3	700	499	0.8955V	1.26	0x0	clean	24.0	322244
2026-08-17T01:04:34+02:00	48079	42.8	700	499	0.8955V	1.32	0x0	clean	24.0	322244
2026-08-17T01:05:34+02:00	48139	43.3	700	499	0.8955V	1.27	0x0	clean	24.0	322244
2026-08-17T01:06:34+02:00	48199	41.8	700	267	0.8955V	1.39	0x0	clean	24.0	322244
2026-08-17T01:07:34+02:00	48259	41.8	700	499	0.8955V	1.28	0x0	clean	24.0	322244
2026-08-17T01:08:34+02:00	48319	43.3	700	499	0.8955V	1.38	0x0	clean	24.0	322244
2026-08-17T01:09:34+02:00	48380	43.3	700	499	0.8955V	1.25	0x0	clean	24.0	322244
2026-08-17T01:10:34+02:00	48440	43.3	700	499	0.8955V	1.09	0x0	clean	24.0	322244
2026-08-17T01:11:34+02:00	48500	42.8	700	499	0.8955V	1.22	0x0	clean	24.0	322244
2026-08-17T01:12:34+02:00	48560	42.3	700	499	0.8955V	1.26	0x0	clean	24.0	322244
2026-08-17T01:13:35+02:00	48620	42.3	800	499	0.8955V	1.32	0x0	clean	24.0	322244
2026-08-17T01:14:35+02:00	48680	42.3	700	499	0.8955V	1.26	0x0	clean	24.0	322244
2026-08-17T01:15:35+02:00	48740	43.3	700	499	0.8955V	1.28	0x0	clean	24.0	322244
2026-08-17T01:16:35+02:00	48800	41.8	700	499	0.8955V	1.15	0x0	clean	24.0	322244
2026-08-17T01:17:35+02:00	48860	42.8	800	499	0.8955V	1.36	0x0	clean	24.0	322244
2026-08-17T01:18:35+02:00	48920	43.8	700	499	0.8955V	1.47	0x0	clean	24.0	322244
2026-08-17T01:19:35+02:00	48981	43.3	700	499	0.8955V	1.28	0x0	clean	24.0	322244
2026-08-17T01:20:35+02:00	49041	42.8	700	499	0.8955V	1.21	0x0	clean	24.0	322244
2026-08-17T01:21:35+02:00	49101	42.3	800	499	0.8955V	1.19	0x0	clean	24.0	322244
2026-08-17T01:22:35+02:00	49161	43.8	700	499	0.8955V	1.22	0x0	clean	24.0	322244
2026-08-17T01:23:36+02:00	49221	43.8	700	499	0.8955V	1.39	0x0	clean	24.0	322244
2026-08-17T01:24:36+02:00	49281	43.3	700	499	0.8955V	1.20	0x0	clean	24.0	322244
2026-08-17T01:25:36+02:00	49341	43.3	700	499	0.8955V	1.39	0x0	clean	24.0	322244
2026-08-17T01:26:36+02:00	49401	43.3	800	499	0.8955V	1.32	0x0	clean	24.0	322244
2026-08-17T01:27:36+02:00	49461	42.8	700	499	0.8955V	1.44	0x0	clean	24.0	322244
2026-08-17T01:28:36+02:00	49521	42.3	700	499	0.8955V	1.22	0x0	clean	24.0	322244
2026-08-17T01:29:36+02:00	49582	43.3	700	499	0.8955V	1.24	0x0	clean	24.0	322244
2026-08-17T01:30:36+02:00	49642	42.8	700	499	0.8955V	1.49	0x0	clean	24.0	322244
2026-08-17T01:31:36+02:00	49702	43.3	700	499	0.8955V	1.42	0x0	clean	24.0	322244
2026-08-17T01:32:36+02:00	49762	42.8	700	499	0.8955V	1.21	0x0	clean	24.0	322244
2026-08-17T01:33:37+02:00	49822	43.3	700	499	0.8955V	1.12	0x0	clean	24.0	322244
2026-08-17T01:34:37+02:00	49882	42.8	700	499	0.8955V	1.42	0x0	clean	24.0	322244
2026-08-17T01:35:37+02:00	49942	43.8	700	499	0.8955V	1.41	0x0	clean	24.0	322244
2026-08-17T01:36:37+02:00	50002	43.3	700	499	0.8955V	1.25	0x0	clean	24.0	322244
2026-08-17T01:37:37+02:00	50062	42.8	700	499	0.8955V	1.14	0x0	clean	24.0	322244
2026-08-17T01:38:37+02:00	50122	43.3	800	499	0.8955V	1.32	0x0	clean	24.0	322244
2026-08-17T01:39:37+02:00	50183	42.3	700	499	0.8955V	1.46	0x0	clean	24.0	322244
2026-08-17T01:40:37+02:00	50243	42.8	700	499	0.8955V	1.39	0x0	clean	24.0	322244
2026-08-17T01:41:37+02:00	50303	43.8	700	499	0.8955V	1.20	0x0	clean	24.0	322244
2026-08-17T01:42:37+02:00	50363	42.8	700	499	0.8955V	1.44	0x0	clean	24.0	322244
2026-08-17T01:43:38+02:00	50423	43.8	700	499	0.8955V	1.37	0x0	clean	24.0	322244
2026-08-17T01:44:38+02:00	50483	43.8	800	499	0.8955V	1.34	0x0	clean	24.0	322244
2026-08-17T01:45:38+02:00	50543	43.3	700	499	0.8955V	1.49	0x0	clean	24.0	322244
2026-08-17T01:46:38+02:00	50603	43.8	700	499	0.8955V	1.62	0x0	clean	24.0	322244
2026-08-17T01:47:38+02:00	50663	42.3	700	499	0.8955V	1.28	0x0	clean	24.0	322244
2026-08-17T01:48:38+02:00	50723	42.8	700	499	0.8955V	1.24	0x0	clean	24.0	322244
2026-08-17T01:49:38+02:00	50784	43.3	700	499	0.8955V	1.31	0x0	clean	24.0	322244
2026-08-17T01:50:38+02:00	50844	43.3	700	499	0.8955V	1.33	0x0	clean	24.0	322244
2026-08-17T01:51:38+02:00	50904	43.3	700	499	0.8955V	1.18	0x0	clean	24.0	322244
2026-08-17T01:52:38+02:00	50964	42.3	700	499	0.8955V	1.26	0x0	clean	24.0	322244
2026-08-17T01:53:39+02:00	51024	42.8	700	499	0.8955V	1.40	0x0	clean	24.0	322244
2026-08-17T01:54:39+02:00	51084	43.3	700	499	0.8955V	1.28	0x0	clean	24.0	322244
2026-08-17T01:55:39+02:00	51144	42.8	700	499	0.8955V	1.28	0x0	clean	24.0	322244
2026-08-17T01:56:39+02:00	51204	43.3	700	499	0.8955V	1.16	0x0	clean	24.0	322244
2026-08-17T01:57:39+02:00	51264	42.8	800	499	0.8955V	1.46	0x0	clean	24.0	322244
2026-08-17T01:58:39+02:00	51324	43.3	700	499	0.8955V	1.38	0x0	clean	24.0	322244
2026-08-17T01:59:39+02:00	51385	42.3	700	499	0.8955V	1.53	0x0	clean	24.0	322244
2026-08-17T02:00:39+02:00	51445	41.3	700	499	0.8955V	1.42	0x0	clean	24.0	322244
2026-08-17T02:01:39+02:00	51505	42.3	700	499	0.8955V	1.64	0x0	clean	24.0	322244
2026-08-17T02:02:39+02:00	51565	43.3	700	499	0.8955V	1.41	0x0	clean	24.0	322244
2026-08-17T02:03:40+02:00	51625	41.3	700	499	0.8955V	1.22	0x0	clean	24.0	322244
2026-08-17T02:04:40+02:00	51685	42.8	700	499	0.8955V	1.43	0x0	clean	24.0	322244
2026-08-17T02:05:40+02:00	51745	41.8	800	499	0.8955V	1.29	0x0	clean	24.0	322244
2026-08-17T02:06:40+02:00	51805	41.8	700	499	0.8955V	1.40	0x0	clean	24.0	322244
2026-08-17T02:07:40+02:00	51865	43.8	700	499	0.8955V	1.19	0x0	clean	24.0	322244
2026-08-17T02:08:40+02:00	51925	43.8	700	267	0.8955V	1.24	0x0	clean	24.0	322244
2026-08-17T02:09:40+02:00	51986	42.8	700	267	0.8955V	1.35	0x0	clean	24.0	322244
2026-08-17T02:10:40+02:00	52046	43.8	700	499	0.8955V	1.27	0x0	clean	24.0	322244
2026-08-17T02:11:40+02:00	52106	42.8	700	499	0.8955V	1.31	0x0	clean	24.0	322244
2026-08-17T02:12:40+02:00	52166	42.3	700	499	0.8955V	1.57	0x0	clean	24.0	322244
2026-08-17T02:13:40+02:00	52226	43.3	700	499	0.8955V	1.48	0x0	clean	24.0	322244
2026-08-17T02:14:41+02:00	52286	43.3	700	499	0.8955V	1.29	0x0	clean	24.0	322244
2026-08-17T02:15:41+02:00	52346	43.3	700	499	0.8955V	1.22	0x0	clean	24.0	322244
2026-08-17T02:16:41+02:00	52406	43.8	700	499	0.8955V	1.40	0x0	clean	24.0	322244
2026-08-17T02:17:41+02:00	52466	42.8	700	499	0.8955V	1.30	0x0	clean	24.0	322244
2026-08-17T02:18:41+02:00	52526	42.8	700	499	0.8955V	1.15	0x0	clean	24.0	322244
2026-08-17T02:19:41+02:00	52587	42.3	700	499	0.8955V	1.19	0x0	clean	24.0	322244
2026-08-17T02:20:41+02:00	52647	42.8	700	499	0.8955V	1.28	0x0	clean	24.0	322244
2026-08-17T02:21:41+02:00	52707	43.3	700	499	0.8955V	1.30	0x0	clean	24.0	322244
2026-08-17T02:22:41+02:00	52767	42.8	700	499	0.8955V	1.16	0x0	clean	24.0	322244
2026-08-17T02:23:41+02:00	52827	42.8	700	499	0.8955V	1.36	0x0	clean	24.0	322244
2026-08-17T02:24:42+02:00	52887	43.8	700	499	0.8955V	1.29	0x0	clean	24.0	322244
2026-08-17T02:25:42+02:00	52947	43.8	700	499	0.8955V	1.51	0x0	clean	24.0	322244
2026-08-17T02:26:42+02:00	53007	42.8	700	499	0.8955V	1.40	0x0	clean	24.0	322244
2026-08-17T02:27:42+02:00	53067	42.3	700	499	0.8955V	1.27	0x0	clean	24.0	322244
2026-08-17T02:28:42+02:00	53127	43.8	700	499	0.8955V	1.27	0x0	clean	24.0	322244
2026-08-17T02:29:42+02:00	53188	42.8	700	499	0.8955V	1.26	0x0	clean	24.0	322244
2026-08-17T02:30:42+02:00	53248	43.3	700	499	0.8955V	1.22	0x0	clean	24.0	322244
2026-08-17T02:31:42+02:00	53308	42.8	700	499	0.8955V	1.31	0x0	clean	24.0	322244
2026-08-17T02:32:42+02:00	53368	42.8	700	499	0.8955V	1.28	0x0	clean	24.0	322244
2026-08-17T02:33:42+02:00	53428	43.3	700	499	0.8955V	1.15	0x0	clean	24.0	322244
2026-08-17T02:34:43+02:00	53488	42.8	700	499	0.8955V	1.55	0x0	clean	24.0	322244
2026-08-17T02:35:43+02:00	53548	42.3	700	499	0.8955V	1.34	0x0	clean	24.0	322244
2026-08-17T02:36:43+02:00	53608	42.3	700	499	0.8955V	1.45	0x0	clean	24.0	322244
2026-08-17T02:37:43+02:00	53668	41.8	700	499	0.8955V	1.27	0x0	clean	24.0	322244
2026-08-17T02:38:43+02:00	53728	42.8	700	499	0.8955V	1.42	0x0	clean	24.0	322244
2026-08-17T02:39:43+02:00	53789	42.8	700	499	0.8955V	1.32	0x0	clean	24.0	322244
2026-08-17T02:40:43+02:00	53849	42.8	700	499	0.8955V	1.48	0x0	clean	24.0	322244
2026-08-17T02:41:43+02:00	53909	42.8	700	267	0.8955V	1.41	0x0	clean	24.0	322244
2026-08-17T02:42:43+02:00	53969	42.8	700	267	0.8955V	1.19	0x0	clean	24.0	322244
2026-08-17T02:43:43+02:00	54029	42.8	700	499	0.8955V	1.26	0x0	clean	24.0	322244
2026-08-17T02:44:44+02:00	54089	41.3	700	499	0.8955V	1.23	0x0	clean	24.0	322244
2026-08-17T02:45:44+02:00	54149	42.8	700	499	0.8955V	1.44	0x0	clean	24.0	322244
2026-08-17T02:46:44+02:00	54209	43.3	700	499	0.8955V	1.21	0x0	clean	24.0	322244
2026-08-17T02:47:44+02:00	54269	43.3	700	499	0.8955V	1.45	0x0	clean	24.0	322244
2026-08-17T02:48:44+02:00	54329	42.3	700	499	0.8955V	1.36	0x0	clean	24.0	322244
2026-08-17T02:49:44+02:00	54390	42.8	700	499	0.8955V	1.24	0x0	clean	24.0	322244
2026-08-17T02:50:44+02:00	54450	42.3	700	499	0.8955V	1.25	0x0	clean	24.0	322244
2026-08-17T02:51:44+02:00	54510	42.3	700	499	0.8955V	1.54	0x0	clean	24.0	322244
2026-08-17T02:52:44+02:00	54570	43.8	700	499	0.8955V	1.41	0x0	clean	24.0	322244
2026-08-17T02:53:44+02:00	54630	41.8	700	499	0.8955V	1.47	0x0	clean	24.0	322244
2026-08-17T02:54:45+02:00	54690	42.8	700	499	0.8955V	1.34	0x0	clean	24.0	322244
2026-08-17T02:55:45+02:00	54750	43.8	700	499	0.8955V	1.29	0x0	clean	24.0	322244
2026-08-17T02:56:45+02:00	54810	42.8	700	499	0.8955V	1.26	0x0	clean	24.0	322244
2026-08-17T02:57:45+02:00	54870	42.8	700	499	0.8955V	1.18	0x0	clean	24.0	322244
2026-08-17T02:58:45+02:00	54930	42.8	700	499	0.8955V	1.32	0x0	clean	24.0	322244
2026-08-17T02:59:45+02:00	54991	42.8	700	499	0.8955V	1.17	0x0	clean	24.0	322244
2026-08-17T03:00:45+02:00	55051	42.3	800	499	0.8955V	1.47	0x0	clean	24.0	322244
2026-08-17T03:01:45+02:00	55111	42.8	800	499	0.8955V	1.42	0x0	clean	24.0	322244
2026-08-17T03:02:45+02:00	55171	43.3	800	499	0.8955V	1.34	0x0	clean	24.0	322244
2026-08-17T03:03:45+02:00	55231	43.3	700	499	0.8955V	1.32	0x0	clean	24.0	322244
2026-08-17T03:04:46+02:00	55291	42.3	700	499	0.8955V	1.35	0x0	clean	24.0	322244
2026-08-17T03:05:46+02:00	55351	42.8	700	499	0.8955V	1.18	0x0	clean	24.0	322244
2026-08-17T03:06:46+02:00	55411	41.8	700	499	0.8955V	1.42	0x0	clean	24.0	322244
2026-08-17T03:07:46+02:00	55471	43.3	700	499	0.8955V	1.33	0x0	clean	24.0	322244
2026-08-17T03:08:46+02:00	55531	42.8	700	499	0.8955V	1.24	0x0	clean	24.0	322244
2026-08-17T03:09:46+02:00	55592	42.3	700	499	0.8955V	1.20	0x0	clean	24.0	322244
2026-08-17T03:10:46+02:00	55652	42.3	700	499	0.8955V	1.36	0x0	clean	24.0	322244
2026-08-17T03:11:46+02:00	55712	43.8	700	499	0.8955V	1.24	0x0	clean	24.0	322244
2026-08-17T03:12:46+02:00	55772	43.8	700	499	0.8955V	1.18	0x0	clean	24.0	322244
2026-08-17T03:13:47+02:00	55832	43.8	700	499	0.8955V	1.38	0x0	clean	24.0	322244
2026-08-17T03:14:47+02:00	55892	43.3	700	499	0.8955V	1.18	0x0	clean	24.0	322244
2026-08-17T03:15:47+02:00	55952	42.3	700	499	0.8955V	1.24	0x0	clean	24.0	322244
2026-08-17T03:16:47+02:00	56012	42.8	700	499	0.8955V	1.23	0x0	clean	24.0	322244
2026-08-17T03:17:47+02:00	56072	42.8	700	499	0.8955V	1.37	0x0	clean	24.0	322244
2026-08-17T03:18:47+02:00	56132	43.3	700	499	0.8955V	1.28	0x0	clean	24.0	322244
2026-08-17T03:19:47+02:00	56193	43.8	700	499	0.8955V	1.59	0x0	clean	24.0	322244
2026-08-17T03:20:47+02:00	56253	42.8	700	499	0.8955V	1.54	0x0	clean	24.0	322244
2026-08-17T03:21:47+02:00	56313	42.8	700	499	0.8955V	1.54	0x0	clean	24.0	322244
2026-08-17T03:22:47+02:00	56373	43.3	700	499	0.8955V	1.38	0x0	clean	24.0	322244
2026-08-17T03:23:48+02:00	56433	43.3	700	499	0.8955V	1.46	0x0	clean	24.0	322244
2026-08-17T03:24:48+02:00	56493	42.8	700	499	0.8955V	1.23	0x0	clean	24.0	322244
2026-08-17T03:25:48+02:00	56553	42.8	700	499	0.8955V	1.22	0x0	clean	24.0	322244
2026-08-17T03:26:48+02:00	56613	42.3	700	499	0.8955V	1.36	0x0	clean	24.0	322244
2026-08-17T03:27:48+02:00	56673	42.8	700	499	0.8955V	1.21	0x0	clean	24.0	322244
2026-08-17T03:28:48+02:00	56733	42.8	700	499	0.8955V	1.31	0x0	clean	24.0	322244
2026-08-17T03:29:48+02:00	56794	43.3	700	499	0.8955V	1.29	0x0	clean	24.0	322244
2026-08-17T03:30:48+02:00	56854	42.8	800	499	0.8955V	1.49	0x0	clean	24.0	322244
2026-08-17T03:31:48+02:00	56914	43.3	700	499	0.8955V	1.23	0x0	clean	24.0	322244
2026-08-17T03:32:48+02:00	56974	42.8	700	499	0.8955V	1.55	0x0	clean	24.0	322244
2026-08-17T03:33:49+02:00	57034	43.3	700	499	0.8955V	1.30	0x0	clean	24.0	322244
2026-08-17T03:34:49+02:00	57094	43.3	700	499	0.8955V	1.55	0x0	clean	24.0	322244
2026-08-17T03:35:49+02:00	57154	41.8	700	499	0.8955V	1.41	0x0	clean	24.0	322244
2026-08-17T03:36:49+02:00	57214	42.8	700	499	0.8955V	1.39	0x0	clean	24.0	322244
2026-08-17T03:37:49+02:00	57274	43.3	800	499	0.8955V	1.31	0x0	clean	24.0	322244
2026-08-17T03:38:49+02:00	57334	42.8	700	499	0.8955V	1.44	0x0	clean	24.0	322244
2026-08-17T03:39:49+02:00	57395	42.3	700	499	0.8955V	1.39	0x0	clean	24.0	322244
2026-08-17T03:40:49+02:00	57455	41.8	700	499	0.8955V	1.47	0x0	clean	24.0	322244
2026-08-17T03:41:49+02:00	57515	42.3	700	499	0.8955V	1.23	0x0	clean	24.0	322244
2026-08-17T03:42:49+02:00	57575	43.3	700	499	0.8955V	1.17	0x0	clean	24.0	322244
2026-08-17T03:43:50+02:00	57635	42.3	700	293	0.8955V	1.44	0x0	clean	24.0	322244
2026-08-17T03:44:50+02:00	57695	42.3	700	267	0.8955V	1.27	0x0	clean	24.0	322244
2026-08-17T03:45:50+02:00	57755	44.3	700	499	0.8955V	1.32	0x0	clean	24.0	322244
2026-08-17T03:46:50+02:00	57815	43.3	700	499	0.8955V	1.26	0x0	clean	24.0	322244
2026-08-17T03:47:50+02:00	57875	41.8	700	499	0.8955V	1.50	0x0	clean	24.0	322244
2026-08-17T03:48:50+02:00	57935	43.3	700	499	0.8955V	1.29	0x0	clean	24.0	322244
2026-08-17T03:49:50+02:00	57996	43.3	700	499	0.8955V	1.29	0x0	clean	24.0	322244
2026-08-17T03:50:50+02:00	58056	42.3	700	499	0.8955V	1.32	0x0	clean	24.0	322244
2026-08-17T03:51:50+02:00	58116	42.8	700	499	0.8955V	1.60	0x0	clean	24.0	322244
2026-08-17T03:52:50+02:00	58176	43.3	800	499	0.8955V	1.28	0x0	clean	24.0	322244
2026-08-17T03:53:51+02:00	58236	43.3	700	499	0.8955V	1.42	0x0	clean	24.0	322244
2026-08-17T03:54:51+02:00	58296	41.8	700	499	0.8955V	1.38	0x0	clean	24.0	322244
2026-08-17T03:55:51+02:00	58356	41.8	700	499	0.8955V	1.26	0x0	clean	24.0	322244
2026-08-17T03:56:51+02:00	58416	42.3	700	499	0.8955V	1.19	0x0	clean	24.0	322244
2026-08-17T03:57:51+02:00	58476	41.8	700	499	0.8955V	1.20	0x0	clean	24.0	322244
2026-08-17T03:58:51+02:00	58536	42.3	700	499	0.8955V	1.42	0x0	clean	24.0	322244
2026-08-17T03:59:51+02:00	58597	42.3	700	499	0.8955V	1.15	0x0	clean	24.0	322244
2026-08-17T04:00:51+02:00	58657	42.3	700	499	0.8955V	1.26	0x0	clean	24.0	322244
2026-08-17T04:01:51+02:00	58717	43.3	700	499	0.8955V	1.24	0x0	clean	24.0	322244
2026-08-17T04:02:51+02:00	58777	42.8	700	499	0.8955V	1.50	0x0	clean	24.0	322244
2026-08-17T04:03:52+02:00	58837	43.3	700	267	0.8955V	1.30	0x0	clean	24.0	322244
2026-08-17T04:04:52+02:00	58897	42.8	800	499	0.8955V	1.50	0x0	clean	24.0	322244
2026-08-17T04:05:52+02:00	58957	42.3	700	499	0.8955V	1.29	0x0	clean	24.0	322244
2026-08-17T04:06:52+02:00	59017	42.3	700	499	0.8955V	1.26	0x0	clean	24.0	322244
2026-08-17T04:07:52+02:00	59077	42.8	700	499	0.8955V	1.15	0x0	clean	24.0	322244
2026-08-17T04:08:52+02:00	59137	41.8	700	499	0.8955V	1.38	0x0	clean	24.0	322244
2026-08-17T04:09:52+02:00	59198	42.8	700	267	0.8955V	1.37	0x0	clean	24.0	322244
2026-08-17T04:10:52+02:00	59258	42.3	700	499	0.8955V	1.18	0x0	clean	24.0	322244
2026-08-17T04:11:52+02:00	59318	42.3	700	499	0.8955V	1.35	0x0	clean	24.0	322244
2026-08-17T04:12:52+02:00	59378	42.8	700	499	0.8955V	1.30	0x0	clean	24.0	322244
2026-08-17T04:13:53+02:00	59438	41.8	700	499	0.8955V	1.59	0x0	clean	24.0	322244
2026-08-17T04:14:53+02:00	59498	42.3	700	499	0.8955V	1.31	0x0	clean	24.0	322244
2026-08-17T04:15:53+02:00	59558	42.8	700	499	0.8955V	1.28	0x0	clean	24.0	322244
2026-08-17T04:16:53+02:00	59618	42.8	700	267	0.8955V	1.32	0x0	clean	24.0	322244
2026-08-17T04:17:53+02:00	59678	42.3	700	499	0.8955V	1.38	0x0	clean	24.0	322244
2026-08-17T04:18:53+02:00	59738	42.3	700	499	0.8955V	1.19	0x0	clean	24.0	322244
2026-08-17T04:19:53+02:00	59799	42.3	700	499	0.8955V	1.29	0x0	clean	24.0	322244
2026-08-17T04:20:53+02:00	59859	41.3	700	499	0.8955V	1.43	0x0	clean	24.0	322244
2026-08-17T04:21:53+02:00	59919	42.8	700	499	0.8955V	1.44	0x0	clean	24.0	322244
2026-08-17T04:22:53+02:00	59979	42.3	700	499	0.8955V	1.22	0x0	clean	24.0	322244
2026-08-17T04:23:53+02:00	60039	42.3	700	499	0.8955V	1.46	0x0	clean	24.0	322244
2026-08-17T04:24:54+02:00	60099	41.8	700	499	0.8955V	1.40	0x0	clean	24.0	322244
2026-08-17T04:25:54+02:00	60159	41.3	700	499	0.8955V	1.19	0x0	clean	24.0	322244
2026-08-17T04:26:54+02:00	60219	41.8	700	499	0.8955V	1.32	0x0	clean	24.0	322244
2026-08-17T04:27:54+02:00	60279	42.3	700	499	0.8955V	1.25	0x0	clean	24.0	322244
2026-08-17T04:28:54+02:00	60339	42.3	800	499	0.8955V	1.25	0x0	clean	24.0	322244
2026-08-17T04:29:54+02:00	60400	42.8	800	499	0.8955V	1.42	0x0	clean	24.0	322244
2026-08-17T04:30:54+02:00	60460	41.3	800	499	0.8955V	1.43	0x0	clean	24.0	322244
2026-08-17T04:31:54+02:00	60520	42.3	800	499	0.8955V	1.35	0x0	clean	24.0	322244
2026-08-17T04:32:54+02:00	60580	42.3	700	499	0.8955V	1.27	0x0	clean	24.0	322244
2026-08-17T04:33:55+02:00	60640	42.8	700	499	0.8955V	1.20	0x0	clean	24.0	322244
2026-08-17T04:34:55+02:00	60700	42.8	700	499	0.8955V	1.52	0x0	clean	24.0	322244
2026-08-17T04:35:55+02:00	60760	42.3	700	499	0.8955V	1.30	0x0	clean	24.0	322244
2026-08-17T04:36:55+02:00	60820	42.8	700	499	0.8955V	1.23	0x0	clean	24.0	322244
2026-08-17T04:37:55+02:00	60880	42.3	700	499	0.8955V	1.20	0x0	clean	24.0	322244
2026-08-17T04:38:55+02:00	60940	42.8	700	499	0.8955V	1.52	0x0	clean	24.0	322244
2026-08-17T04:39:55+02:00	61001	42.3	700	499	0.8955V	1.25	0x0	clean	24.0	322244
2026-08-17T04:40:55+02:00	61061	43.3	700	267	0.8955V	1.13	0x0	clean	24.0	322244
2026-08-17T04:41:55+02:00	61121	42.8	700	499	0.8955V	1.46	0x0	clean	24.0	322244
2026-08-17T04:42:55+02:00	61181	41.8	700	499	0.8955V	1.33	0x0	clean	24.0	322244
2026-08-17T04:43:56+02:00	61241	43.3	700	499	0.8955V	1.20	0x0	clean	24.0	322244
2026-08-17T04:44:56+02:00	61301	42.3	700	499	0.8955V	1.16	0x0	clean	24.0	322244
2026-08-17T04:45:56+02:00	61361	42.3	700	499	0.8955V	1.40	0x0	clean	24.0	322244
2026-08-17T04:46:56+02:00	61421	41.8	700	499	0.8955V	1.24	0x0	clean	24.0	322244
2026-08-17T04:47:56+02:00	61481	42.3	700	499	0.8955V	1.33	0x0	clean	24.0	322244
2026-08-17T04:48:56+02:00	61541	42.8	700	499	0.8955V	1.26	0x0	clean	24.0	322244
2026-08-17T04:49:56+02:00	61602	42.8	700	499	0.8955V	1.49	0x0	clean	24.0	322244
2026-08-17T04:50:56+02:00	61662	43.3	700	499	0.8955V	1.28	0x0	clean	24.0	322244
2026-08-17T04:51:56+02:00	61722	42.3	700	499	0.8955V	1.37	0x0	clean	24.0	322244
2026-08-17T04:52:56+02:00	61782	42.3	700	499	0.8955V	1.29	0x0	clean	24.0	322244
2026-08-17T04:53:57+02:00	61842	41.8	700	267	0.8955V	1.26	0x0	clean	24.0	322244
2026-08-17T04:54:57+02:00	61902	41.8	700	499	0.8955V	1.21	0x0	clean	24.0	322244
2026-08-17T04:55:57+02:00	61962	42.3	700	499	0.8955V	1.40	0x0	clean	24.0	322244
2026-08-17T04:56:57+02:00	62022	42.3	700	499	0.8955V	1.44	0x0	clean	24.0	322244
2026-08-17T04:57:57+02:00	62082	42.8	700	499	0.8955V	1.29	0x0	clean	24.0	322244
2026-08-17T04:58:57+02:00	62142	43.3	700	499	0.8955V	1.41	0x0	clean	24.0	322244
2026-08-17T04:59:57+02:00	62203	42.8	700	499	0.8955V	1.39	0x0	clean	24.0	322244
2026-08-17T05:00:57+02:00	62263	43.3	700	499	0.8955V	1.27	0x0	clean	24.0	322244
2026-08-17T05:01:57+02:00	62323	42.8	700	499	0.8955V	1.15	0x0	clean	24.0	322244
2026-08-17T05:02:57+02:00	62383	42.3	700	499	0.8955V	1.26	0x0	clean	24.0	322244
2026-08-17T05:03:58+02:00	62443	42.3	700	499	0.8955V	1.29	0x0	clean	24.0	322244
2026-08-17T05:04:58+02:00	62503	42.3	700	499	0.8955V	1.25	0x0	clean	24.0	322244
2026-08-17T05:05:58+02:00	62563	43.3	700	499	0.8955V	1.25	0x0	clean	24.0	322244
2026-08-17T05:06:58+02:00	62623	43.3	700	499	0.8955V	1.54	0x0	clean	24.0	322244
2026-08-17T05:07:58+02:00	62683	43.3	700	499	0.8955V	1.30	0x0	clean	24.0	322244
2026-08-17T05:08:58+02:00	62743	41.3	700	267	0.8955V	1.23	0x0	clean	24.0	322244
2026-08-17T05:09:58+02:00	62804	41.8	700	499	0.8955V	1.20	0x0	clean	24.0	322244
2026-08-17T05:10:58+02:00	62864	41.3	700	499	0.8955V	1.68	0x0	clean	24.0	322244
2026-08-17T05:11:58+02:00	62924	43.3	700	499	0.8955V	1.43	0x0	clean	24.0	322244
2026-08-17T05:12:58+02:00	62984	42.3	700	499	0.8955V	1.26	0x0	clean	24.0	322244
2026-08-17T05:13:59+02:00	63044	43.8	800	499	0.8955V	1.31	0x0	clean	24.0	322244
2026-08-17T05:14:59+02:00	63104	42.3	700	499	0.8955V	1.16	0x0	clean	24.0	322244
2026-08-17T05:15:59+02:00	63164	42.3	700	499	0.8955V	1.23	0x0	clean	24.0	322244
2026-08-17T05:16:59+02:00	63224	43.8	700	499	0.8955V	1.23	0x0	clean	24.0	322244
2026-08-17T05:17:59+02:00	63284	42.3	700	499	0.8955V	1.33	0x0	clean	24.0	322244
2026-08-17T05:18:59+02:00	63344	42.3	700	499	0.8955V	1.17	0x0	clean	24.0	322244
2026-08-17T05:19:59+02:00	63405	42.8	700	499	0.8955V	1.40	0x0	clean	24.0	322244
2026-08-17T05:20:59+02:00	63465	41.8	700	499	0.8955V	1.34	0x0	clean	24.0	322244
2026-08-17T05:21:59+02:00	63525	43.3	700	499	0.8955V	1.34	0x0	clean	24.0	322244
2026-08-17T05:22:59+02:00	63585	42.3	700	499	0.8955V	1.29	0x0	clean	24.0	322244
2026-08-17T05:24:00+02:00	63645	42.8	700	499	0.8955V	1.31	0x0	clean	24.0	322244
2026-08-17T05:25:00+02:00	63705	43.3	700	499	0.8955V	1.30	0x0	clean	24.0	322244
2026-08-17T05:26:00+02:00	63765	42.8	700	499	0.8955V	1.20	0x0	clean	24.0	322244
2026-08-17T05:27:00+02:00	63825	43.3	700	499	0.8955V	1.58	0x0	clean	24.0	322244
2026-08-17T05:28:00+02:00	63885	42.8	700	499	0.8955V	1.26	0x0	clean	24.0	322244
2026-08-17T05:29:00+02:00	63945	43.3	700	499	0.8955V	1.33	0x0	clean	24.0	322244
2026-08-17T05:30:00+02:00	64006	43.3	700	499	0.8955V	1.27	0x0	clean	24.0	322244
2026-08-17T05:31:00+02:00	64066	42.3	700	499	0.8955V	1.39	0x0	clean	24.0	322244
2026-08-17T05:32:00+02:00	64126	43.3	700	499	0.8955V	1.26	0x0	clean	24.0	322244
2026-08-17T05:33:00+02:00	64186	42.8	700	499	0.8955V	1.49	0x0	clean	24.0	322244
2026-08-17T05:34:01+02:00	64246	42.3	800	499	0.8955V	1.34	0x0	clean	24.0	322244
2026-08-17T05:35:01+02:00	64306	42.3	700	499	0.8955V	1.24	0x0	clean	24.0	322244
2026-08-17T05:36:01+02:00	64366	42.8	700	499	0.8955V	1.26	0x0	clean	24.0	322244
2026-08-17T05:37:01+02:00	64426	42.8	700	499	0.8955V	1.59	0x0	clean	24.0	322244
2026-08-17T05:38:01+02:00	64486	42.3	700	499	0.8955V	1.28	0x0	clean	24.0	322244
2026-08-17T05:39:01+02:00	64546	42.3	700	499	0.8955V	1.15	0x0	clean	24.0	322244
2026-08-17T05:40:01+02:00	64607	41.8	700	499	0.8955V	1.53	0x0	clean	24.0	322244
2026-08-17T05:41:01+02:00	64667	41.8	700	499	0.8955V	1.28	0x0	clean	24.0	322244
2026-08-17T05:42:01+02:00	64727	41.8	800	499	0.8955V	1.34	0x0	clean	24.0	322244
2026-08-17T05:43:01+02:00	64787	41.8	800	499	0.8955V	1.32	0x0	clean	24.0	322244
2026-08-17T05:44:01+02:00	64847	43.8	700	499	0.8955V	1.39	0x0	clean	24.0	322244
2026-08-17T05:45:02+02:00	64907	43.3	700	499	0.8955V	1.20	0x0	clean	24.0	322244
2026-08-17T05:46:02+02:00	64967	42.8	700	499	0.8955V	1.26	0x0	clean	24.0	322244
2026-08-17T05:47:02+02:00	65027	41.3	700	499	0.8955V	1.25	0x0	clean	24.0	322244
2026-08-17T05:48:02+02:00	65087	42.8	700	499	0.8955V	1.24	0x0	clean	24.0	322244
2026-08-17T05:49:02+02:00	65147	42.3	700	499	0.8955V	1.14	0x0	clean	24.0	322244
2026-08-17T05:50:02+02:00	65208	42.3	700	499	0.8955V	1.33	0x0	clean	24.0	322244
2026-08-17T05:51:02+02:00	65268	41.8	700	499	0.8955V	1.24	0x0	clean	24.0	322244
2026-08-17T05:52:02+02:00	65328	43.3	700	499	0.8955V	1.53	0x0	clean	24.0	322244
2026-08-17T05:53:02+02:00	65388	43.3	700	499	0.8955V	1.37	0x0	clean	24.0	322244
2026-08-17T05:54:02+02:00	65448	42.3	700	499	0.8955V	1.18	0x0	clean	24.0	322244
2026-08-17T05:55:03+02:00	65508	41.8	700	499	0.8955V	1.28	0x0	clean	24.0	322244
2026-08-17T05:56:03+02:00	65568	41.3	700	499	0.8955V	1.28	0x0	clean	24.0	322244
2026-08-17T05:57:03+02:00	65628	43.8	700	499	0.8955V	1.42	0x0	clean	24.0	322244
2026-08-17T05:58:03+02:00	65688	42.3	800	499	0.8955V	1.20	0x0	clean	24.0	322244
2026-08-17T05:59:03+02:00	65748	42.8	700	499	0.8955V	1.28	0x0	clean	24.0	322244
2026-08-17T06:00:03+02:00	65809	42.8	700	499	0.8955V	1.28	0x0	clean	24.0	322244
2026-08-17T06:01:03+02:00	65869	42.8	700	499	0.8955V	1.52	0x0	clean	24.0	322244
2026-08-17T06:02:03+02:00	65929	42.3	700	499	0.8955V	1.24	0x0	clean	24.0	322244
2026-08-17T06:03:03+02:00	65989	42.3	700	499	0.8955V	1.35	0x0	clean	24.0	322244
2026-08-17T06:04:04+02:00	66049	42.3	700	499	0.8955V	1.28	0x0	clean	24.0	322244
2026-08-17T06:05:04+02:00	66109	41.3	700	499	0.8955V	1.25	0x0	clean	24.0	322244
2026-08-17T06:06:04+02:00	66169	42.3	700	499	0.8955V	1.15	0x0	clean	24.0	322244
2026-08-17T06:07:04+02:00	66229	42.3	700	499	0.8955V	1.46	0x0	clean	24.0	322244
2026-08-17T06:08:04+02:00	66289	41.8	700	499	0.8955V	1.40	0x0	clean	24.0	322244
2026-08-17T06:09:04+02:00	66349	42.3	700	499	0.8955V	1.23	0x0	clean	24.0	322244
2026-08-17T06:10:04+02:00	66410	40.9	700	499	0.8955V	1.39	0x0	clean	24.0	322244
2026-08-17T06:11:04+02:00	66470	42.3	700	499	0.8955V	1.18	0x0	clean	24.0	322244
2026-08-17T06:12:04+02:00	66530	43.3	700	499	0.8955V	1.38	0x0	clean	24.0	322244
2026-08-17T06:13:04+02:00	66590	43.3	700	499	0.8955V	1.34	0x0	clean	24.0	322244
2026-08-17T06:14:04+02:00	66650	42.8	700	499	0.8955V	1.22	0x0	clean	24.0	322244
2026-08-17T06:15:05+02:00	66710	41.8	700	499	0.8955V	1.27	0x0	clean	24.0	322244
2026-08-17T06:16:05+02:00	66770	41.3	700	499	0.8955V	1.41	0x0	clean	24.0	322244
2026-08-17T06:17:05+02:00	66830	42.8	700	499	0.8955V	1.27	0x0	clean	24.0	322244
2026-08-17T06:18:05+02:00	66890	41.3	800	499	0.8955V	1.28	0x0	clean	24.0	322244
2026-08-17T06:19:05+02:00	66950	43.3	700	499	0.8955V	1.26	0x0	clean	24.0	322244
2026-08-17T06:20:05+02:00	67011	43.3	700	499	0.8955V	1.44	0x0	clean	24.0	322244
2026-08-17T06:21:05+02:00	67071	42.3	700	499	0.8955V	1.38	0x0	clean	24.0	322244
2026-08-17T06:22:05+02:00	67131	42.3	700	499	0.8955V	1.43	0x0	clean	24.0	322244
2026-08-17T06:23:05+02:00	67191	42.8	700	499	0.8955V	1.45	0x0	clean	24.0	322244
2026-08-17T06:24:05+02:00	67251	41.8	700	499	0.8955V	1.34	0x0	clean	24.0	322244
2026-08-17T06:25:06+02:00	67311	42.3	800	499	0.8955V	1.27	0x0	clean	24.0	322244
2026-08-17T06:26:06+02:00	67371	41.8	700	499	0.8955V	1.54	0x0	clean	24.0	322244
2026-08-17T06:27:06+02:00	67431	42.3	700	499	0.8955V	1.26	0x0	clean	24.0	322244
2026-08-17T06:28:06+02:00	67491	42.3	700	499	0.8955V	1.14	0x0	clean	24.0	322244
2026-08-17T06:29:06+02:00	67551	42.3	700	499	0.8955V	1.30	0x0	clean	24.0	322244
2026-08-17T06:30:06+02:00	67612	43.3	700	499	0.8955V	1.29	0x0	clean	24.0	322244
2026-08-17T06:31:06+02:00	67672	42.3	700	499	0.8955V	1.54	0x0	clean	24.0	322244
2026-08-17T06:32:06+02:00	67732	43.3	700	499	0.8955V	1.49	0x0	clean	24.0	322244
2026-08-17T06:33:06+02:00	67792	42.8	700	499	0.8955V	1.70	0x0	clean	24.0	322244
2026-08-17T06:34:06+02:00	67852	42.3	700	499	0.8955V	1.31	0x0	clean	24.0	322244
2026-08-17T06:35:07+02:00	67912	41.8	700	499	0.8955V	1.37	0x0	clean	24.0	322244
2026-08-17T06:36:07+02:00	67972	41.8	700	499	0.8955V	1.29	0x0	clean	24.0	322244
2026-08-17T06:37:07+02:00	68032	41.8	700	499	0.8955V	1.26	0x0	clean	24.0	322244
2026-08-17T06:38:07+02:00	68092	42.8	700	499	0.8955V	1.21	0x0	clean	24.0	322244
2026-08-17T06:39:07+02:00	68152	42.3	700	499	0.8955V	1.41	0x0	clean	24.0	322244
2026-08-17T06:40:07+02:00	68213	42.8	700	499	0.8955V	1.32	0x0	clean	24.0	322244
2026-08-17T06:41:07+02:00	68273	42.3	700	499	0.8955V	1.16	0x0	clean	24.0	322244
2026-08-17T06:42:07+02:00	68333	42.8	700	499	0.8955V	1.27	0x0	clean	24.0	322244
2026-08-17T06:43:07+02:00	68393	42.3	700	499	0.8955V	1.28	0x0	clean	24.0	322244
2026-08-17T06:44:07+02:00	68453	43.3	700	499	0.8955V	1.36	0x0	clean	24.0	322244
2026-08-17T06:45:08+02:00	68513	43.3	700	499	0.8955V	1.18	0x0	clean	24.0	322244
2026-08-17T06:46:08+02:00	68573	42.8	700	499	0.8955V	1.23	0x0	clean	24.0	322244
2026-08-17T06:47:08+02:00	68633	42.3	700	499	0.8955V	1.23	0x0	clean	24.0	322244
2026-08-17T06:48:08+02:00	68693	42.3	700	499	0.8955V	1.26	0x0	clean	24.0	322244
2026-08-17T06:49:08+02:00	68753	41.3	700	499	0.8955V	1.20	0x0	clean	24.0	322244
2026-08-17T06:50:08+02:00	68814	42.3	700	499	0.8955V	1.44	0x0	clean	24.0	322244
2026-08-17T06:51:08+02:00	68874	42.8	700	499	0.8955V	1.49	0x0	clean	24.0	322244
2026-08-17T06:52:08+02:00	68934	42.8	700	267	0.8955V	1.26	0x0	clean	24.0	322244
2026-08-17T06:53:08+02:00	68994	43.3	700	499	0.8955V	1.32	0x0	clean	24.0	322244
2026-08-17T06:54:08+02:00	69054	42.3	700	499	0.8955V	1.56	0x0	clean	24.0	322244
2026-08-17T06:55:09+02:00	69114	43.8	700	499	0.8955V	1.24	0x0	clean	24.0	322244
2026-08-17T06:56:09+02:00	69174	42.8	700	499	0.8955V	1.17	0x0	clean	24.0	322244
2026-08-17T06:57:09+02:00	69234	42.3	700	499	0.8955V	1.25	0x0	clean	24.0	322244
2026-08-17T06:58:09+02:00	69294	42.8	800	499	0.8955V	1.27	0x0	clean	24.0	322244
2026-08-17T06:59:09+02:00	69354	41.8	700	499	0.8955V	1.20	0x0	clean	24.0	322244
2026-08-17T07:00:09+02:00	69415	42.3	700	499	0.8955V	1.24	0x0	clean	24.0	322244
2026-08-17T07:01:09+02:00	69475	42.8	700	499	0.8955V	1.57	0x0	clean	24.0	322244
2026-08-17T07:02:09+02:00	69535	42.3	700	499	0.8955V	1.31	0x0	clean	24.0	322244
2026-08-17T07:03:09+02:00	69595	43.3	800	499	0.8955V	1.30	0x0	clean	24.0	322244
2026-08-17T07:04:09+02:00	69655	42.3	700	499	0.8955V	1.21	0x0	clean	24.0	322244
2026-08-17T07:05:10+02:00	69715	41.8	700	499	0.8955V	1.34	0x0	clean	24.0	322244
2026-08-17T07:06:10+02:00	69775	43.3	800	499	0.8955V	1.18	0x0	clean	24.0	322244
2026-08-17T07:07:10+02:00	69835	42.3	700	499	0.8955V	1.35	0x0	clean	24.0	322244
2026-08-17T07:08:10+02:00	69895	42.3	700	499	0.8955V	1.42	0x0	clean	24.0	322244
2026-08-17T07:09:10+02:00	69955	42.3	700	499	0.8955V	1.23	0x0	clean	24.0	322244
2026-08-17T07:10:10+02:00	70016	42.3	700	499	0.8955V	1.26	0x0	clean	24.0	322244
2026-08-17T07:11:10+02:00	70076	42.3	700	499	0.8955V	1.14	0x0	clean	24.0	322244
2026-08-17T07:12:10+02:00	70136	42.8	700	499	0.8955V	1.43	0x0	clean	24.0	322244
2026-08-17T07:13:10+02:00	70196	42.8	700	499	0.8955V	1.30	0x0	clean	24.0	322244
2026-08-17T07:14:10+02:00	70256	41.8	700	499	0.8955V	1.52	0x0	clean	24.0	322244
2026-08-17T07:15:11+02:00	70316	41.8	700	499	0.8955V	1.34	0x0	clean	24.0	322244
2026-08-17T07:16:11+02:00	70376	43.8	700	499	0.8955V	1.30	0x0	clean	24.0	322244
2026-08-17T07:17:11+02:00	70436	43.8	700	499	0.8955V	1.23	0x0	clean	24.0	322244
2026-08-17T07:18:11+02:00	70496	42.3	700	499	0.8955V	1.34	0x0	clean	24.0	322244
2026-08-17T07:19:11+02:00	70556	41.8	700	267	0.8955V	1.34	0x0	clean	24.0	322244
2026-08-17T07:20:11+02:00	70617	43.3	700	499	0.8955V	1.40	0x0	clean	24.0	322244
2026-08-17T07:21:11+02:00	70677	41.8	700	267	0.8955V	1.54	0x0	clean	24.0	322244
2026-08-17T07:22:11+02:00	70737	41.8	700	499	0.8955V	1.60	0x0	clean	24.0	322244
2026-08-17T07:23:11+02:00	70797	42.3	700	499	0.8955V	1.33	0x0	clean	24.0	322244
2026-08-17T07:24:11+02:00	70857	41.3	700	499	0.8955V	1.29	0x0	clean	24.0	322244
2026-08-17T07:25:12+02:00	70917	42.3	700	499	0.8955V	1.33	0x0	clean	24.0	322244
2026-08-17T07:26:12+02:00	70977	43.3	700	499	0.8955V	1.25	0x0	clean	24.0	322244
2026-08-17T07:27:12+02:00	71037	43.3	700	499	0.8955V	1.29	0x0	clean	24.0	322244
2026-08-17T07:28:12+02:00	71097	41.8	700	499	0.8955V	1.20	0x0	clean	24.0	322244
2026-08-17T07:29:12+02:00	71157	43.3	700	499	0.8955V	1.45	0x0	clean	24.0	322244
2026-08-17T07:30:12+02:00	71218	43.3	700	499	0.8955V	1.41	0x0	clean	24.0	322244
2026-08-17T07:31:12+02:00	71278	43.8	700	499	0.8955V	1.26	0x0	clean	24.0	322244
2026-08-17T07:32:12+02:00	71338	42.3	700	499	0.8955V	1.20	0x0	clean	24.0	322244
2026-08-17T07:33:12+02:00	71398	42.3	700	499	0.8955V	1.40	0x0	clean	24.0	322244
2026-08-17T07:34:12+02:00	71458	41.8	700	499	0.8955V	1.25	0x0	clean	24.0	322244
2026-08-17T07:35:13+02:00	71518	42.8	700	499	0.8955V	1.37	0x0	clean	24.0	322244
2026-08-17T07:36:13+02:00	71578	41.8	700	499	0.8955V	1.29	0x0	clean	24.0	322244
2026-08-17T07:37:13+02:00	71638	41.8	700	499	0.8955V	1.59	0x0	clean	24.0	322244
2026-08-17T07:38:13+02:00	71698	42.3	700	499	0.8955V	1.21	0x0	clean	24.0	322244
2026-08-17T07:39:13+02:00	71758	42.8	700	499	0.8955V	1.12	0x0	clean	24.0	322244
2026-08-17T07:40:13+02:00	71818	41.8	700	499	0.8955V	1.36	0x0	clean	24.0	322244
2026-08-17T07:41:13+02:00	71879	42.8	700	499	0.8955V	1.36	0x0	clean	24.0	322244
2026-08-17T07:42:13+02:00	71939	42.8	700	499	0.8955V	1.30	0x0	clean	24.0	322244
2026-08-17T07:43:13+02:00	71999	42.8	700	499	0.8955V	1.27	0x0	clean	24.0	322244
2026-08-17T07:44:13+02:00	72059	42.8	700	499	0.8955V	1.45	0x0	clean	24.0	322244
2026-08-17T07:45:14+02:00	72119	42.8	700	499	0.8955V	1.31	0x0	clean	24.0	322244
2026-08-17T07:46:14+02:00	72179	43.3	700	499	0.8955V	1.30	0x0	clean	24.0	322244
2026-08-17T07:47:14+02:00	72239	42.3	700	499	0.8955V	1.21	0x0	clean	24.0	322244
2026-08-17T07:48:14+02:00	72299	42.8	700	499	0.8955V	1.52	0x0	clean	24.0	322244
2026-08-17T07:49:14+02:00	72359	42.3	800	499	0.8955V	1.24	0x0	clean	24.0	322244
2026-08-17T07:50:14+02:00	72420	42.3	700	499	0.8955V	1.37	0x0	clean	24.0	322244
2026-08-17T07:51:14+02:00	72480	43.3	700	499	0.8955V	1.43	0x0	clean	24.0	322244
2026-08-17T07:52:14+02:00	72540	42.3	700	499	0.8955V	1.40	0x0	clean	24.0	322244
2026-08-17T07:53:14+02:00	72600	43.3	700	499	0.8955V	1.24	0x0	clean	24.0	322244
2026-08-17T07:54:14+02:00	72660	42.3	700	499	0.8955V	1.13	0x0	clean	24.0	322244
2026-08-17T07:55:15+02:00	72720	42.8	700	499	0.8955V	1.46	0x0	clean	24.0	322244
2026-08-17T07:56:15+02:00	72780	42.3	700	499	0.8955V	1.26	0x0	clean	24.0	322244
2026-08-17T07:57:15+02:00	72840	42.3	700	499	0.8955V	1.21	0x0	clean	24.0	322244
2026-08-17T07:58:15+02:00	72900	42.8	800	499	0.8955V	1.20	0x0	clean	24.0	322244
2026-08-17T07:59:15+02:00	72960	41.8	700	499	0.8955V	1.65	0x0	clean	24.0	322244
2026-08-17T08:00:15+02:00	73021	42.8	700	499	0.8955V	1.34	0x0	clean	24.0	322244
2026-08-17T08:01:15+02:00	73081	42.8	700	499	0.8955V	1.39	0x0	clean	24.0	322244
2026-08-17T08:02:15+02:00	73141	42.3	700	499	0.8955V	1.29	0x0	clean	24.0	322244
2026-08-17T08:03:15+02:00	73201	41.8	700	499	0.8955V	1.47	0x0	clean	24.0	322244
2026-08-17T08:04:15+02:00	73261	42.8	700	499	0.8955V	1.22	0x0	clean	24.0	322244
2026-08-17T08:05:16+02:00	73321	41.3	700	499	0.8955V	1.30	0x0	clean	24.0	322244
2026-08-17T08:06:16+02:00	73381	42.3	700	499	0.8955V	1.37	0x0	clean	24.0	322244
2026-08-17T08:07:16+02:00	73441	41.8	700	499	0.8955V	1.45	0x0	clean	24.0	322244
2026-08-17T08:08:16+02:00	73501	42.3	700	499	0.8955V	1.28	0x0	clean	24.0	322244
2026-08-17T08:09:16+02:00	73561	42.8	700	499	0.8955V	1.50	0x0	clean	24.0	322244
2026-08-17T08:10:16+02:00	73622	42.3	700	499	0.8955V	1.48	0x0	clean	24.0	322244
2026-08-17T08:11:16+02:00	73682	42.8	700	499	0.8955V	1.30	0x0	clean	24.0	322244
2026-08-17T08:12:16+02:00	73742	43.3	700	499	0.8955V	1.20	0x0	clean	24.0	322244
2026-08-17T08:13:16+02:00	73802	43.3	700	499	0.8955V	1.21	0x0	clean	24.0	322244
2026-08-17T08:14:16+02:00	73862	43.3	700	499	0.8955V	1.42	0x0	clean	24.0	322244
2026-08-17T08:15:17+02:00	73922	43.3	700	499	0.8955V	1.20	0x0	clean	24.0	322244
2026-08-17T08:16:17+02:00	73982	42.3	700	499	0.8955V	1.18	0x0	clean	24.0	322244
2026-08-17T08:17:17+02:00	74042	43.3	700	499	0.8955V	1.19	0x0	clean	24.0	322244
2026-08-17T08:18:17+02:00	74102	42.3	700	499	0.8955V	1.28	0x0	clean	24.0	322244
2026-08-17T08:19:17+02:00	74162	42.3	700	499	0.8955V	1.30	0x0	clean	24.0	322244
2026-08-17T08:20:17+02:00	74223	42.3	700	499	0.8955V	1.35	0x0	clean	24.0	322244
2026-08-17T08:21:17+02:00	74283	41.8	700	499	0.8955V	1.34	0x0	clean	24.0	322244
2026-08-17T08:22:17+02:00	74343	42.3	700	499	0.8955V	1.35	0x0	clean	24.0	322244
2026-08-17T08:23:17+02:00	74403	42.8	700	499	0.8955V	1.18	0x0	clean	24.0	322244
2026-08-17T08:24:17+02:00	74463	42.8	700	499	0.8955V	1.39	0x0	clean	24.0	322244
2026-08-17T08:25:18+02:00	74523	43.8	700	499	0.8955V	1.37	0x0	clean	24.0	322244
2026-08-17T08:26:18+02:00	74583	43.3	700	499	0.8955V	1.18	0x0	clean	24.0	322244
2026-08-17T08:27:18+02:00	74643	42.8	700	499	0.8955V	1.16	0x0	clean	24.0	322244
2026-08-17T08:28:18+02:00	74703	42.3	700	499	0.8955V	1.24	0x0	clean	24.0	322244
2026-08-17T08:29:18+02:00	74763	42.3	700	499	0.8955V	1.31	0x0	clean	24.0	322244
2026-08-17T08:30:18+02:00	74823	42.8	700	499	0.8955V	1.21	0x0	clean	24.0	322244
2026-08-17T08:31:18+02:00	74884	43.3	700	499	0.8955V	1.29	0x0	clean	24.0	322244
2026-08-17T08:32:18+02:00	74944	42.8	700	499	0.8955V	1.30	0x0	clean	24.0	322244
2026-08-17T08:33:18+02:00	75004	42.8	700	499	0.8955V	1.32	0x0	clean	24.0	322244
2026-08-17T08:34:18+02:00	75064	42.8	700	499	0.8955V	1.17	0x0	clean	24.0	322244
2026-08-17T08:35:19+02:00	75124	41.8	700	499	0.8955V	1.40	0x0	clean	24.0	322244
2026-08-17T08:36:19+02:00	75184	43.3	700	499	0.8955V	1.42	0x0	clean	24.0	322244
2026-08-17T08:37:19+02:00	75244	43.3	700	499	0.8955V	1.43	0x0	clean	24.0	322244
2026-08-17T08:38:19+02:00	75304	44.3	700	499	0.8955V	1.35	0x0	clean	24.0	322244
2026-08-17T08:39:19+02:00	75364	43.8	700	499	0.8955V	1.57	0x0	clean	24.0	322244
2026-08-17T08:40:19+02:00	75425	43.3	700	499	0.8955V	1.31	0x0	clean	24.0	322244
2026-08-17T08:41:19+02:00	75485	42.8	700	499	0.8955V	1.29	0x0	clean	24.0	322244
2026-08-17T08:42:19+02:00	75545	43.8	700	499	0.8955V	1.32	0x0	clean	24.0	322244
2026-08-17T08:43:19+02:00	75605	43.8	700	499	0.8955V	1.30	0x0	clean	24.0	322244
2026-08-17T08:44:19+02:00	75665	43.3	700	499	0.8955V	1.18	0x0	clean	24.0	322244
2026-08-17T08:45:20+02:00	75725	42.8	700	499	0.8955V	1.23	0x0	clean	24.0	322244
2026-08-17T08:46:20+02:00	75785	43.3	700	499	0.8955V	1.43	0x0	clean	24.0	322244
2026-08-17T08:47:20+02:00	75845	43.3	700	499	0.8955V	1.16	0x0	clean	24.0	322244
2026-08-17T08:48:20+02:00	75905	42.3	700	499	0.8955V	1.17	0x0	clean	24.0	322244
2026-08-17T08:49:20+02:00	75965	42.8	700	499	0.8955V	1.22	0x0	clean	24.0	322244
2026-08-17T08:50:20+02:00	76026	42.3	700	499	0.8955V	1.47	0x0	clean	24.0	322244
2026-08-17T08:51:20+02:00	76086	43.3	700	499	0.8955V	1.23	0x0	clean	24.0	322244
2026-08-17T08:52:20+02:00	76146	42.3	700	499	0.8955V	1.55	0x0	clean	24.0	322244
2026-08-17T08:53:20+02:00	76206	43.8	700	499	0.8955V	1.46	0x0	clean	24.0	322244
2026-08-17T08:54:20+02:00	76266	42.3	700	499	0.8955V	1.33	0x0	clean	24.0	322244
2026-08-17T08:55:21+02:00	76326	42.8	700	499	0.8955V	1.22	0x0	clean	24.0	322244
2026-08-17T08:56:21+02:00	76386	42.3	700	499	0.8955V	1.17	0x0	clean	24.0	322244
2026-08-17T08:57:21+02:00	76446	42.8	700	499	0.8955V	1.25	0x0	clean	24.0	322244
2026-08-17T08:58:21+02:00	76506	43.3	700	499	0.8955V	1.14	0x0	clean	24.0	322244
2026-08-17T08:59:21+02:00	76566	42.3	700	499	0.8955V	1.22	0x0	clean	24.0	322244
2026-08-17T09:00:21+02:00	76626	42.3	700	499	0.8955V	1.38	0x0	clean	24.0	322244
2026-08-17T09:01:21+02:00	76687	42.8	800	499	0.8955V	1.33	0x0	clean	24.0	322244
2026-08-17T09:02:21+02:00	76747	42.8	700	499	0.8955V	1.24	0x0	clean	24.0	322244
2026-08-17T09:03:21+02:00	76807	42.8	700	499	0.8955V	1.42	0x0	clean	24.0	322244
2026-08-17T09:04:21+02:00	76867	42.3	700	499	0.8955V	1.31	0x0	clean	24.0	322244
2026-08-17T09:05:22+02:00	76927	42.8	700	499	0.8955V	1.23	0x0	clean	24.0	322244
2026-08-17T09:06:22+02:00	76987	41.8	700	499	0.8955V	1.26	0x0	clean	24.0	322244
2026-08-17T09:07:22+02:00	77047	43.3	700	499	0.8955V	1.54	0x0	clean	24.0	322244
2026-08-17T09:08:22+02:00	77107	43.3	700	499	0.8955V	1.38	0x0	clean	24.0	322244
2026-08-17T09:09:22+02:00	77167	42.8	700	499	0.8955V	1.18	0x0	clean	24.0	322244
2026-08-17T09:10:22+02:00	77227	43.3	700	499	0.8955V	1.48	0x0	clean	24.0	322244
2026-08-17T09:11:22+02:00	77288	43.3	700	499	0.8955V	1.46	0x0	clean	24.0	322244
2026-08-17T09:12:22+02:00	77348	43.8	700	499	0.8955V	1.27	0x0	clean	24.0	322244
2026-08-17T09:13:22+02:00	77408	43.3	700	499	0.8955V	1.20	0x0	clean	24.0	322244
2026-08-17T09:14:22+02:00	77468	43.3	700	499	0.8955V	1.34	0x0	clean	24.0	322244
2026-08-17T09:15:23+02:00	77528	43.3	700	499	0.8955V	1.32	0x0	clean	24.0	322244
2026-08-17T09:16:23+02:00	77588	43.3	700	499	0.8955V	1.27	0x0	clean	24.0	322244
2026-08-17T09:17:23+02:00	77648	43.3	700	499	0.8955V	1.22	0x0	clean	24.0	322244
2026-08-17T09:18:23+02:00	77708	42.8	700	499	0.8955V	1.49	0x0	clean	24.0	322244
2026-08-17T09:19:23+02:00	77768	43.3	700	499	0.8955V	1.33	0x0	clean	24.0	322244
2026-08-17T09:20:23+02:00	77828	42.8	700	499	0.8955V	1.36	0x0	clean	24.0	322244
2026-08-17T09:21:23+02:00	77889	42.8	700	499	0.8955V	1.33	0x0	clean	24.0	322244
2026-08-17T09:22:23+02:00	77949	43.8	700	499	0.8955V	1.44	0x0	clean	24.0	322244
2026-08-17T09:23:23+02:00	78009	42.8	800	499	0.8955V	1.22	0x0	clean	24.0	322244
2026-08-17T09:24:23+02:00	78069	43.8	700	499	0.8955V	1.12	0x0	clean	24.0	322244
2026-08-17T09:25:24+02:00	78129	42.3	700	499	0.8955V	1.20	0x0	clean	24.0	322244
2026-08-17T09:26:24+02:00	78189	42.3	700	499	0.8955V	1.25	0x0	clean	24.0	322244
2026-08-17T09:27:24+02:00	78249	44.3	700	499	0.8955V	1.19	0x0	clean	24.0	322244
2026-08-17T09:28:24+02:00	78309	43.8	700	499	0.8955V	1.17	0x0	clean	24.0	322244
2026-08-17T09:29:24+02:00	78369	42.3	700	499	0.8955V	1.40	0x0	clean	24.0	322244
2026-08-17T09:30:24+02:00	78429	43.3	700	499	0.8955V	1.24	0x0	clean	24.0	322244
2026-08-17T09:31:24+02:00	78490	42.3	700	499	0.8955V	1.31	0x0	clean	24.0	322244
2026-08-17T09:32:24+02:00	78550	42.8	800	499	0.8955V	1.16	0x0	clean	24.0	322244
2026-08-17T09:33:24+02:00	78610	42.8	700	499	0.8955V	1.47	0x0	clean	24.0	322244
2026-08-17T09:34:24+02:00	78670	43.8	700	499	0.8955V	1.32	0x0	clean	24.0	322244
2026-08-17T09:35:25+02:00	78730	42.8	700	499	0.8955V	1.35	0x0	clean	24.0	322244
2026-08-17T09:36:25+02:00	78790	42.3	700	499	0.8955V	1.29	0x0	clean	24.0	322244
2026-08-17T09:37:25+02:00	78850	43.3	700	499	0.8955V	1.41	0x0	clean	24.0	322244
2026-08-17T09:38:25+02:00	78910	42.8	700	499	0.8955V	1.21	0x0	clean	24.0	322244
2026-08-17T09:39:25+02:00	78970	42.8	700	499	0.8955V	1.48	0x0	clean	24.0	322244
2026-08-17T09:40:25+02:00	79030	42.8	700	499	0.8955V	1.39	0x0	clean	24.0	322244
2026-08-17T09:41:25+02:00	79091	42.3	700	499	0.8955V	1.22	0x0	clean	24.0	322244
2026-08-17T09:42:25+02:00	79151	42.3	700	499	0.8955V	1.17	0x0	clean	24.0	322244
2026-08-17T09:43:25+02:00	79211	43.3	700	499	0.8955V	1.15	0x0	clean	24.0	322244
2026-08-17T09:44:25+02:00	79271	42.3	700	499	0.8955V	1.25	0x0	clean	24.0	322244
2026-08-17T09:45:26+02:00	79331	42.3	700	499	0.8955V	1.14	0x0	clean	24.0	322244
2026-08-17T09:46:26+02:00	79391	43.8	700	499	0.8955V	1.27	0x0	clean	24.0	322244
2026-08-17T09:47:26+02:00	79451	42.8	700	499	0.8955V	1.24	0x0	clean	24.0	322244
2026-08-17T09:48:26+02:00	79511	42.8	700	499	0.8955V	1.51	0x0	clean	24.0	322244
2026-08-17T09:49:26+02:00	79571	42.8	700	499	0.8955V	1.32	0x0	clean	24.0	322244
2026-08-17T09:50:26+02:00	79631	43.3	700	499	0.8955V	1.37	0x0	clean	24.0	322244
2026-08-17T09:51:26+02:00	79692	43.3	700	499	0.8955V	1.29	0x0	clean	24.0	322244
2026-08-17T09:52:26+02:00	79752	42.3	700	499	0.8955V	1.39	0x0	clean	24.0	322244
2026-08-17T09:53:26+02:00	79812	42.3	700	499	0.8955V	1.20	0x0	clean	24.0	322244
2026-08-17T09:54:26+02:00	79872	42.3	700	499	0.8955V	1.27	0x0	clean	24.0	322244
2026-08-17T09:55:27+02:00	79932	43.3	700	499	0.8955V	1.40	0x0	clean	24.0	322244
2026-08-17T09:56:27+02:00	79992	42.8	700	499	0.8955V	1.31	0x0	clean	24.0	322244
2026-08-17T09:57:27+02:00	80052	43.3	700	499	0.8955V	1.27	0x0	clean	24.0	322244
2026-08-17T09:58:27+02:00	80112	41.8	800	499	0.8955V	1.20	0x0	clean	24.0	322244
2026-08-17T09:59:27+02:00	80172	43.3	700	499	0.8955V	1.29	0x0	clean	24.0	322244
2026-08-17T10:00:27+02:00	80232	42.8	700	499	0.8955V	1.20	0x0	clean	24.0	322244
2026-08-17T10:01:27+02:00	80293	42.8	700	499	0.8955V	1.35	0x0	clean	24.0	322244
2026-08-17T10:02:27+02:00	80353	42.3	700	499	0.8955V	1.22	0x0	clean	24.0	322244
2026-08-17T10:03:27+02:00	80413	43.3	700	499	0.8955V	1.35	0x0	clean	24.0	322244
2026-08-17T10:04:27+02:00	80473	43.3	700	499	0.8955V	1.18	0x0	clean	24.0	322244
2026-08-17T10:05:27+02:00	80533	43.3	700	499	0.8955V	1.25	0x0	clean	24.0	322244
2026-08-17T10:06:28+02:00	80593	41.8	700	499	0.8955V	1.25	0x0	clean	24.0	322244
2026-08-17T10:07:28+02:00	80653	43.3	700	499	0.8955V	1.32	0x0	clean	24.0	322244
2026-08-17T10:08:28+02:00	80713	43.3	800	499	0.8955V	1.23	0x0	clean	24.0	322244
2026-08-17T10:09:28+02:00	80773	43.3	700	499	0.8955V	1.49	0x0	clean	24.0	322244
2026-08-17T10:10:28+02:00	80833	43.3	700	499	0.8955V	1.29	0x0	clean	24.0	322244
2026-08-17T10:11:28+02:00	80894	43.3	700	499	0.8955V	1.15	0x0	clean	24.0	322244
2026-08-17T10:12:28+02:00	80954	42.8	700	499	0.8955V	1.24	0x0	clean	24.0	322244
2026-08-17T10:13:28+02:00	81014	42.8	700	499	0.8955V	1.18	0x0	clean	24.0	322244
2026-08-17T10:14:28+02:00	81074	43.8	700	499	0.8955V	1.28	0x0	clean	24.0	322244
2026-08-17T10:15:29+02:00	81134	43.3	700	499	0.8955V	1.25	0x0	clean	24.0	322244
2026-08-17T10:16:29+02:00	81194	42.3	700	499	0.8955V	1.26	0x0	clean	24.0	322244
2026-08-17T10:17:29+02:00	81254	43.8	700	499	0.8955V	1.19	0x0	clean	24.0	322244
2026-08-17T10:18:29+02:00	81314	43.3	700	499	0.8955V	1.38	0x0	clean	24.0	322244
2026-08-17T10:19:29+02:00	81374	43.8	700	499	0.8955V	1.19	0x0	clean	24.0	322244
2026-08-17T10:20:29+02:00	81434	42.8	700	499	0.8955V	1.33	0x0	clean	24.0	322244
2026-08-17T10:21:29+02:00	81495	42.8	700	499	0.8955V	1.28	0x0	clean	24.0	322244
2026-08-17T10:22:29+02:00	81555	42.8	800	499	0.8955V	1.33	0x0	clean	24.0	322244
2026-08-17T10:23:29+02:00	81615	42.8	700	499	0.8955V	1.24	0x0	clean	24.0	322244
2026-08-17T10:24:29+02:00	81675	42.8	700	499	0.8955V	1.55	0x0	clean	24.0	322244
2026-08-17T10:25:29+02:00	81735	43.3	700	499	0.8955V	1.26	0x0	clean	24.0	322244
2026-08-17T10:26:30+02:00	81795	42.8	700	499	0.8955V	1.14	0x0	clean	24.0	322244
2026-08-17T10:27:30+02:00	81855	43.8	700	499	0.8955V	1.37	0x0	clean	24.0	322244
2026-08-17T10:28:30+02:00	81915	42.3	700	499	0.8955V	1.22	0x0	clean	24.0	322244
2026-08-17T10:29:30+02:00	81975	43.3	700	499	0.8955V	1.18	0x0	clean	24.0	322244
2026-08-17T10:30:30+02:00	82035	43.8	700	499	0.8955V	1.21	0x0	clean	24.0	322244
2026-08-17T10:31:30+02:00	82096	42.8	800	499	0.8955V	1.60	0x0	clean	24.0	322244
2026-08-17T10:32:30+02:00	82156	42.8	700	499	0.8955V	1.38	0x0	clean	24.0	322244
2026-08-17T10:33:30+02:00	82216	42.3	700	499	0.8955V	1.36	0x0	clean	24.0	322244
2026-08-17T10:34:30+02:00	82276	42.8	700	499	0.8955V	1.33	0x0	clean	24.0	322244
2026-08-17T10:35:30+02:00	82336	42.8	700	499	0.8955V	1.35	0x0	clean	24.0	322244
2026-08-17T10:36:31+02:00	82396	43.3	700	499	0.8955V	1.18	0x0	clean	24.0	322244
2026-08-17T10:37:31+02:00	82456	42.8	700	499	0.8955V	1.43	0x0	clean	24.0	322244
2026-08-17T10:38:31+02:00	82516	43.3	700	499	0.8955V	1.39	0x0	clean	24.0	322244
2026-08-17T10:39:31+02:00	82576	42.8	700	499	0.8955V	1.14	0x0	clean	24.0	322244
2026-08-17T10:40:31+02:00	82636	42.8	700	499	0.8955V	1.18	0x0	clean	24.0	322244
2026-08-17T10:41:31+02:00	82697	42.8	700	499	0.8955V	1.24	0x0	clean	24.0	322244
2026-08-17T10:42:31+02:00	82757	43.8	700	499	0.8955V	1.49	0x0	clean	24.0	322244
2026-08-17T10:43:31+02:00	82817	43.3	700	499	0.8955V	1.23	0x0	clean	24.0	322244
2026-08-17T10:44:31+02:00	82877	42.3	700	499	0.8955V	1.32	0x0	clean	24.0	322244
2026-08-17T10:45:31+02:00	82937	42.8	700	499	0.8955V	1.31	0x0	clean	24.0	322244
2026-08-17T10:46:32+02:00	82997	43.3	700	499	0.8955V	1.26	0x0	clean	24.0	322244
2026-08-17T10:47:32+02:00	83057	43.3	700	267	0.8955V	1.20	0x0	clean	24.0	322244
2026-08-17T10:48:32+02:00	83117	43.3	700	499	0.8955V	1.52	0x0	clean	24.0	322244
2026-08-17T10:49:32+02:00	83177	44.3	800	293	0.8955V	1.29	0x0	clean	24.0	322244
2026-08-17T10:50:32+02:00	83237	43.8	700	499	0.8955V	1.51	0x0	clean	24.0	322244
2026-08-17T10:51:32+02:00	83298	42.3	800	499	0.8955V	1.36	0x0	clean	24.0	322244
2026-08-17T10:52:32+02:00	83358	43.3	700	499	0.8955V	1.66	0x0	clean	24.0	322244
2026-08-17T10:53:32+02:00	83418	42.8	700	499	0.8955V	1.30	0x0	clean	24.0	322244
2026-08-17T10:54:32+02:00	83478	42.8	700	499	0.8955V	1.22	0x0	clean	24.0	322244
2026-08-17T10:55:32+02:00	83538	42.8	700	499	0.8955V	1.52	0x0	clean	24.0	322244
2026-08-17T10:56:33+02:00	83598	43.3	700	499	0.8955V	1.28	0x0	clean	24.0	322244
2026-08-17T10:57:33+02:00	83658	43.3	700	499	0.8955V	1.20	0x0	clean	24.0	322244
2026-08-17T10:58:33+02:00	83718	43.3	700	499	0.8955V	1.23	0x0	clean	24.0	322244
2026-08-17T10:59:33+02:00	83778	43.3	700	499	0.8955V	1.50	0x0	clean	24.0	322244
2026-08-17T11:00:33+02:00	83838	43.3	700	499	0.8955V	1.36	0x0	clean	24.0	322244
2026-08-17T11:01:33+02:00	83898	43.3	700	499	0.8955V	1.28	0x0	clean	24.0	322244
2026-08-17T11:02:33+02:00	83959	43.3	700	499	0.8955V	1.15	0x0	clean	24.0	322244
2026-08-17T11:03:33+02:00	84019	43.3	700	499	0.8955V	1.50	0x0	clean	24.0	322244
2026-08-17T11:04:33+02:00	84079	43.8	700	499	0.8955V	1.29	0x0	clean	24.0	322244
2026-08-17T11:05:33+02:00	84139	42.8	700	499	0.8955V	1.39	0x0	clean	24.0	322244
2026-08-17T11:06:34+02:00	84199	42.8	700	499	0.8955V	1.26	0x0	clean	24.0	322244
2026-08-17T11:07:34+02:00	84259	43.3	700	499	0.8955V	1.63	0x0	clean	24.0	322244
2026-08-17T11:08:34+02:00	84319	43.8	700	499	0.8955V	1.29	0x0	clean	24.0	322244
2026-08-17T11:09:34+02:00	84379	43.3	700	499	0.8955V	1.15	0x0	clean	24.0	322244
2026-08-17T11:10:34+02:00	84439	42.8	700	499	0.8955V	1.31	0x0	clean	24.0	322244
2026-08-17T11:11:34+02:00	84499	43.8	700	499	0.8955V	1.29	0x0	clean	24.0	322244
2026-08-17T11:12:34+02:00	84560	43.3	700	499	0.8955V	1.43	0x0	clean	24.0	322244
2026-08-17T11:13:34+02:00	84620	42.3	700	499	0.8955V	1.25	0x0	clean	24.0	322244
2026-08-17T11:14:34+02:00	84680	43.3	700	499	0.8955V	1.47	0x0	clean	24.0	322244
2026-08-17T11:15:34+02:00	84740	42.3	700	499	0.8955V	1.30	0x0	clean	24.0	322244
2026-08-17T11:16:35+02:00	84800	42.8	700	499	0.8955V	1.21	0x0	clean	24.0	322244
2026-08-17T11:17:35+02:00	84860	43.8	700	499	0.8955V	1.17	0x0	clean	24.0	322244
2026-08-17T11:18:35+02:00	84920	43.8	700	499	0.8955V	1.44	0x0	clean	24.0	322244
2026-08-17T11:19:35+02:00	84980	42.8	700	499	0.8955V	1.21	0x0	clean	24.0	322244
2026-08-17T11:20:35+02:00	85040	42.8	700	499	0.8955V	1.45	0x0	clean	24.0	322244
